3,Valve解雇13名员工 涉及VR硬件团队,早先，有传言指Valve已将旗下VR团队裁掉一半。近日据国外媒体Variety报道，Valve承认他们在上个月解雇了一批员工，其中包括部分VR部门的成员。自2015年9月就在Valve担任VR工程师的Nat Brown也于今日发推特称自己在2月初已经离职，证实了这一消息。V社的一位发言人表示，确有13名全职雇员离开公司，相关雇佣合同终止。裁员纯属不得已为之的商业决策，不代表公司基本面有重大变化。V社感谢被解雇员工所做的贡献，并祝愿他们今后工作顺利。V社一直以来就对VR研究颇为重视，除了运营Steam商店和开发《Dota 2》等游戏之外，Valve一直是虚拟现实的推动力量。这家公司创建了广泛使用的SteamVR软件平台，并共同开发出2016年面世的HTC Vive头显。在2018年，Valve开始向开发者发货“Knuckles”控制器的最新迭代.另外在2018年11月，有传闻称这家公司正在设计一款全新的头显，以及基于《半条命》的VR作品。Variety在报道中指出这并不意味着Valve正在退出VR市场，但目前尚不清楚他们是否得到了Valve的明确证实，又或者只是根据“公司不存在任何重大变故”进行推测。Valve同时有可能退出硬件市场，但继续运营SteamVR软件商店。不过，好消息是Knuckles驱动已于上月进行了更新，而且Valve正在招募“VR与硬件”软件工程师。另外，Oculus和HTC都发布了2019年款头显。因此，如果Valve依然在坚持VR硬件项目，我们或许同样能在今年听到相关的消息。                            本文来自游民星空，本文观点不代表GameLook立场，转载请联系原作者。
3,2018年全球AR手游排行榜：《精灵宝可梦GO》领衔,Sensor Tower商店情报平台最新数据显示，2018年前11个月全球AR手游下载及收入TOP20。2018年Apple Store和Google Play都有多款AR游戏涌现。地图定位AR手游大作领航下载榜和收入榜，但在游戏数量方面，苹果ARKit手游领先。目前AR手游上榜门槛仍相对较低，下载榜和收入榜前五的准入门槛分别是500万次下载，及100万美元营收。详细榜单请看下图：                             本文来自游资网，本文观点不代表GameLook立场，转载请联系原作者。
3,IDC：2019年VR游戏产值将增长75%,2月11日消息，近日IDC发布了2019年VR/AR市场十大预测。IDC认为，目前行业应用正在进一步展开和深入，细分领域消费场景不断得到丰富，VR终端市场逐渐向拥有更佳体验的中高端产品形态过渡，产业生态发展更加成熟。具体看，IDC发布2019年VR/AR市场十大预测包括：1、观影一体机VR市场将继续增长，35%的VR一体机将被应用于家庭观影；2、5G网络将带动VR/AR安全巡检市场发展；3、未来65%的VR/AR设备将提供语音技术交互；4、手机AR内容生态更加丰富；5、2019年VR游戏市场将增长75%，线下体验店游戏收入占比整体VR游戏收入超过八成；6、到2023年，将会有超过10亿人次每年至少访问一个安装VR设备的消费场所；7、未来超过30%的展示类场景将通过租赁方式整合提供设备、软件、服务；8、商用市场权重进一步增长，特别在教育市场，受到政策倾斜和教育投入增大影响，预计超过1000所学校将采用VR/AR技术；9、VR推动跨区域协作，到2024年，7%的国内企业将以VR应用作为支持推动跨区域协作的解决方案；10、用AR硬件提升工作效率，到2024年，55%的中国大中型企业将为部分员工部署AR硬件，其关键驱动因素是提升工作效率。                             本文来自人民网，本文观点不代表GameLook立场，转载请联系原作者。
3,截至目前130万销量 PSVR问鼎2018年度最叫座VR设备,索尼对PSVR的大力扶持，包括了发行多款优秀VR游戏比如《Astro Bot》等的种种努力，如今终于开花结果。美国市场公司SuperData在推特上报道，PSVR以130万的销量问鼎2018年最叫座的VR设备。PSVR击败了Oculus Go和三星Gear VR，两者分别以110万和60万的销量居于二三名。这些数字说明了一件事，虽然PSVR正在引领整个业界市场，但假如整个VR市场的全年销量甚至比不上一款大作游戏，这个市场蛋糕还是太迷你了。然而，正如之前提到的《Astro Bot》，在过去的几个月里，VR系统拥有了不少品质高的游戏，并且在接下来的几个月里会加速游戏VR适配的进程，这是否意味着PSVR仍然是一个潜在庞大、有利可图的市场领军者还有待观察。                            本文来自3DM，本文观点不代表GameLook立场，转载请联系原作者。
3,巨头纷纷追逐眼球追踪技术 对VR有何意义,眼动跟踪允许开发人员通过集成系统资源来提高VR/AR体验，特别是优化用户眼睛看到的方位，也就是通过局部渲染功能将为VR体验带来一次质的飞跃。这不仅降低了虚拟现实的高门槛，也让创作者能够通过合理地使用资源创造出惊人的视觉效果。
3,iPhone 8 AR功能能否成为游戏规则改变者,对于AR增强现实的概念相信我们都已不陌生了，特别是苹果在今年WWDC大会上推出全新的AR开发平台ARkit之后，让我们看到了这一技术在未来的广阔前景。我们也有理由相信，随着下个月iPhone 8以及iOS 11的到来，能够让我们以一种全新的方式看待世界。
3,热潮过后 虚拟现实如今是喜还是忧？,当Facebook在2014年以20亿美元巨资收购Oculus后，三星于2015年发布了Gear VR，HTC在2016年发布了Vive，这看起来好像是虚拟现实世界在即将走向人们的日常生活了，似乎很快，人人都将拥有一台虚拟现实头盔，我们可以生活在一个虚拟的世界里，自由地乐在其中。然而，Oculus Rift、Gear VR和HTC Vive并没有完全成为家庭中的必备设备。同时有迹象表明，一些公司开始意识对虚拟现实技术感到失望。
3,VR未死：巨头入局 爆发期将至,短短两年间，过山车式变化出乎所有人意料，背后的原因耐人寻味。VR因其革命性的沉浸式体验而被认为是下一代计算平台和终端入口，但产业演进有其内在规律，无法速成，VR产业的现状，无论是硬件迭代、内容建设还是生态都无法满足市场期待。
3,火柴互娱领衔VR体验  引爆“网络文学+”大会新高潮,首届中国“网络文学+”大会将于今日在北京亦创国际会展中心开幕。本次大会由国家新闻出版广电总局、北京市政府指导，中共北京市委宣传部、中国音像与数字出版协会等多家单位主办。火柴互娱积极参与本次“网络文学+”大会展出筹备工作，独家承办了本次大会的VR展区，搭建了300平米超大展台，领衔6大区域互动体验！下面让我们走进火柴互娱展区，了解一下有哪些精彩内容！
3,Altspace关闭后 VR社交从业者何去何从,当我们谈论起VR的未来，不少开发者都会告诉你：VR的未来是社交，最近一家很早就布局VR社交的公司Altspace宣布由于资金链断裂要关闭其应用。他们说：“在剩下的几天享受和朋友的相处吧，然后使用其他方式，保持联系。”在目前，Altspace的发展几乎可以代表着VR社交的发展，然而其突如其来的关闭，让人深感迷惑，不得不质疑，VR的未来真的是社交吗？
3,黑科技：用意念控制VR游戏已成为现实,波士顿的一家创业公司Neurable已经开始展示一款正在开发中的反科幻游戏，并允许人们试玩，该游戏名为《觉醒》（Awakening）。它的工作原理是将一个带有电极的头带与HTC Vive虚拟现实头戴设备相连接。
3,库克:AR至关重要 iOS将成最大AR平台,据Mac Rumors报道，在2017财年第三季度财报电话会议上，苹果首席执行官蒂姆·库克（Tim Cook）被问及ARKit的前景，当这款增强现实（AR）组件推出时，他认为开发者会如何使用它。在回应中，库克再次重申称他对AR感到非常兴奋。简而言之，他希望在今年秋季推出iOS 11后能看到各种各样的AR应用。
3,科学家利用WiFi技术增强VR设备追踪能力,你正在家里戴着Oculus Rift玩虚拟现实（VR）游戏，像个老手一样躲避着僵尸。但随后，你退后太多或者回头去看时，突然被冻结在空间中，因为该系统的红外相机无法看见眼镜上的光线并且失去了和你的联系。如今，研究人员找到使你免于这种令人沮丧的结局的办法：通过利用标准的Wi-Fi技术增强VR的追踪能力。除了改善VR，该技术还能帮助追踪机器人或者无人机，并且使电影的动作捕捉简单化。
3,深度分析：为何说苹果一定会发布AR眼镜,有关苹果会推出智能眼镜的传闻一直甚嚣尘上，种种迹象都表明，苹果正秘密筹划AR领域的大招，在今年WWDC上发布的ARKit只是前奏，苹果将不会止于手机上的AR。到底苹果的大招会是什么呢?长期关注苹果动向，定期发布苹果研究文章的Neil Cybart，上周发表了一篇深度分析苹果AR策略的文章，他认为苹果将不可避免会推出一款AR眼镜。
3,乔布斯之后 苹果欲借ARKit打造“AR帝国”,苹果公司上个月推出了增强现实(AR)平台，这或许将成为世界上最大的AR平台。事实证明，在AR平台方面，苹果公司可能是唯一一家能够满足性能和广大用户的公司。正如乔布斯所设想的，它控制了大部分相关的软件和硬件。
3,苹果ARKit刺激下 Q2涉猎AR企业增加60%,最近，专注于 VR/AR 投资的 The Venture Reality Fund 发布了 2017 年第二季度 AR 公司一览图，图上显示，共有 150 家公司专注于 AR 技术。The VR Fund 表示，过去他们已经募集了 5000 万美元投资 VR/AR 初创公司，第二季度跟第一季度相比，关注 AR 的公司数量增长了 60%。
3,Oculus:中小VR游戏团队已经可以自己生存,随着VR概念热度的下降，早期入场的Oculus VR目前把更多的投入放在了该平台的游戏上。Oculus认为，如今的VR市场已经足够大，可以支撑一些研发成本没那么昂贵、规模比较小的项目持续生存下去。Oculus公司并未公布具体的Rift销售数据，所以Rubin所说的安装量已经足够大到底是什么程度，我们仍不清楚。
3,VR门口的野蛮人：入城之后 如何“掳掠”？,三十年后的2014年，虚拟现实——VR这个产业，也迎来了“门口的野蛮人”。这一年，社交巨头Facebook以30亿美元的价格收购了Oculus，拉开了全球VR界大规模收并购VR/AR的序幕。随着VR市场不断扩大，收并购交易量呈上升趋势。VR行业外的公司都想进来分一杯羹，任何产品只要和VR沾上一点关系，就会让人多看几眼。
3,谈AR发展趋势:为什么说苹果会成为领先者,据TechCrunch报道，过去几年间，我们一直在说增强现实(AR)与虚拟现实(VR)是消费电子的下个浪潮，而AR可能比VR要大得多。但AR本身并未能引发滔天巨浪，而是形成4个不同的波次，包括移动AR软件、移动AR硬件、捆绑式智能眼镜以及独立智能眼镜。这4个波次于去年驱动了数千万用户体验AR技术和12亿美元市场，而到2021年用户数量将超过10亿人，市场达到830亿美元。
3,揭秘VR全景5大骗局，创业加盟需警惕,9全景技术是一种基于图像绘制技术生成真实感图形的虚拟现实技术，具体来说它是一种基于图像处理的panorama(全景摄影)技术，它是把相机环绕四周进行360°拍摄的一组照片拼接成一个全景图像，支持手机、iPad、PC、触摸屏、VR眼镜的多设备实景展示。用户可以通过鼠标或键盘进行上下、左右的移动，任意选择自己的视角，并进行任意放大和缩小，具有3D效果。
3,VR风继续吹还是已沉寂？华强北市场遇冷,2016年号称VR元年，Facebook、三星、索尼、HTC、小米、暴风等都纷纷推出VR产品，VR体验店遍布全国。然而好景不长，由于技术难突破，用户体验不好，VR体验店出现关门潮。投资机构对VR的投资兴趣减退，大多处于观望的状态，很多创业者退出VR领域。近日，记者走访深圳华强北多家电子产品店后发现，曾火爆一时的VR产品，销量甚至没有去年好。有从业者分析，目前，资本不再盲目跟风VR项目。
3,为什么说索尼离移动VR只有一步之遥？,相比那些扣人心弦的内容，索尼在E3期间公布了一个非常不起眼的服务——PlayLink。实际上，这是一款支持Android和iOS平台的手机应用，玩家们通过智能手机可以共同玩到PS4中的游戏，索尼显然想要改善PS4偏向“一群人看一个人玩”的尴尬使用场景。
3,3A级国产VR游戏《Reboant》首曝,近日，国产3A级VR游戏《Reboant》（中文名《源震》）首曝了预告视频，游戏采用了目前最先进的虚幻4引擎来开发，从本次公布的预告CG视频中可以看出，能被称为一款3A级的VR产品。
3,江苏消协:近半数消费者对VR体验不满意,报告显示，VR知晓率普遍较高，只有3.3%的消费者完全不了解，76.3%的被调查者考虑在未来入手VR眼镜。48.8%的消费者对现阶段VR体验不满意，49.5%的消费者认为目前国内VR眼镜技术不够成熟，配置较低。
3,游戏专家:MR游戏是让虚拟与现实互动,近几年来，VR一直是业内热门的话题，而在这个新兴领域，Magic Leap一直是比较神秘的。从2014年被谷歌投资以来，该公司累计融资14亿美元，迄今为止仍只有demo级产品，2月份的时候，有消息爆料称该公司高层出现了内讧，为了应付投资者压力而仓促做了创意原型，离真正的消费产品还差很远。最近，该公司的Graeme Devine在一次开发者会议上讲述了Magic Leap探索混合现实内容的过程，并且对MR有了新的定义，Magic Leap要做的是，用一个传感器感知现实世界，混合现实就是让虚拟内容与现实世界进行互动，与玩家进行互动。
3,VR融入眼球追踪技术 抛弃手柄用意识操作,眼球追踪能够帮助体验者在VR中建立一种身临其境的体验，你只需动动眼睛，就可以做出对应的操作。此外VR之中加入眼球追踪也可以帮助人们更好地了解人的行为。Tobii Pro作为眼球追踪技术研究公司Tobii的研究重点，他正在与HTC Vive的商业版头戴设备进行新的整合。
3,9%美国家庭有意购入VR头盔 同比增80%,目前，还有一些阻碍VR发展的障。例如，不到四分之一(23%)的消费者熟悉虚拟现实，更少的了解具体的VR头显。Parks Associates研究员Hunter Sappington表示：“熟悉程度低，少于13%的消费者体验过VR。”
3,分析师:能取代iPhone地位的将是苹果AR,据Fool网站报道，知名苹果分析师吉恩·蒙斯特(Gene Munster)最近做出了迄今为止最大胆的预测之一：未来数年，iPhone在苹果营收中的占比将大幅降低，苹果传言中的AR眼镜则将取而代之。需要说明的是，就目前来看苹果AR眼镜还纯属猜测，但蒙斯特认为，如果苹果推出AR眼镜，它将成为拉动苹果营收增长的最大引擎之一。
3,三星新专利 用磁性技术定位手柄的位置,在专利中，我们看到了一些通过磁场来确定用户位置的细节介绍。虚拟现实使用场景在专利中得到了详细的讨论，从细节上看，这种控制器还可以对多台设备进行控制，而不只是单独使用。
3,除主题公园之外网吧或是VR出路之一,年下半年的VR寒冬让不少体验店挺不过去，纷纷关门走人。然而VR体验店并就此式微，笔者最近路过广州不少大商场，竟然都发现VR体验店的身影。究竟VR体验店通过什么样的方式在大型商场生存下来，又给业界什么样的启示呢，值得好好探讨。
3,谷歌推出AdVR 可以在VR中插入广告,谷歌今日正式为内部孵化器“Area 120”推出了一个专门的网站，而在网站上展示的项目中，有一个非常有趣的尝试是“在VR中进行广告宣传”。据悉，该项目命名为“AdVR”，通过一种3D物体的广告格式（cube-like ad format），允许视频广告在3D/VR环境中运行。
3,苹果获AR专利 现实世界场景构建虚拟内容,苹果已经获得了一项专利，叫“渐进式旋转视图”，这意味着我们可能会看到更多的增强现实应用出现，如果说苹果和宜家正在合作，这种合作不仅仅除了出现在iOS设备上以外，还将会延伸到Mac上。
3,FB、谷歌、苹果等为何都热衷于AR？,国外媒体Fast Company撰文称，从Facebook到谷歌，再到Snapchat，各家科技公司都在积极角逐增强现实市场，未来将会是增强现实时代，如今唯一的问题就在于我们将如何进入那样的时代。
3,VR与DVD:类似的轨迹能否走出一样的成功,VR是一个不同的科技。对我来说，这不是昙花一现的炒作玩物，而是真真正正的未来。总有一天，我们将会经常性通过头显来消费媒体，就如同看电视那样普遍。我在一周六天中如此坚信。但在第七天，我又开始思考这个行业是否会把数十亿计美元的资金投入到现在十分火爆的指尖陀螺（一种轴承对称结构，可在手指上空转的小玩具）。我开始担心VR这项技术的持久力，但我随后提醒着自己VR和刚满20岁的DVD播放器之间的相同点。
3,VR触觉反馈公司Nomadic获600万刀融资,专门研发触觉反馈VR体验的沉浸式娱乐公司Nomadic于今天宣布，他们已经完成了600万美元的融资。通过与顶级游戏和影视工作室合作创建定制户外VR内容，Nomadic实现了高质量的逼真体验。在创建叙述性故事内容上，这支团队结合了创始团队在影视、游戏、布景设计和动捕等领域的丰富经验。
3,2017中国VR内容市场规模约为6500万美元,近日，普华永道发布《2017-2021年全球娱乐及媒体行业展望》。报告预测，今年中国VR内容市场的规模约为6500万美元，接下里五年，中国VR市场将以超过100%的复合增长率增长。
3,移动AR市场2021年或达600亿美元,美国科技博客VentureBeat近日撰文称，得益于Facebook和苹果的大举介入，移动增强现实（AR）市场规模到2021年有望达到600亿美元。
3,IHS报告:2021年VR头显销量将达9100万台,市场研究IHS Markit在报告中指出，VR头显的全球安装基数将由2016年的1800万上升至2021年的9100万台。在伦敦举行的IHS Markit媒介和技术大会（Media and Technology Conference）上，IHS Technology的游戏调查总监皮尔斯·哈丁罗斯（Piers Harding-Rolls）表示，智能手机VR在未来几年将继续保持“显著的市场优势”
3,索尼:PSVR供求比1:5 预计销量达500万台,索尼互娱美国总裁兼执行总监肖恩·莱登（Shawn Layden）表示，PS4主机自发售以来的全球销量现已超过6000万台。这是PlayStation主机有史以来的最快销售速度，包括纪录保持者PlayStation 2。我认为对PSVR来说我们做得还不够好，产品的供应量十分短缺，供求比例达到1：5。
3,索尼PSVR销量达重要里程碑 突破100万,据外媒报道，索尼的虚拟现实头盔销量达到了一个重要的里程碑。这个消费者电子设备巨头周一称，自从去年10月首次推出以来，它的PlayStation VR头盔已售出了逾100万台。
3,现状参差不齐 VR体验店一波未平一波又起,这项VR技术更多我们思考的是如何产生变现，如何切入应用场景，无独有偶，VR体验店成为整个产业最快、最可能的变现应用场景，一时间整个市场出现另外一种围城式的态势：每天都有很多VR体验店亏损转型或者倒闭关门，当然同时每天都有一些新店主在张罗着一家家的新体验店。
3,游戏将成为VR/AR市场的主导力量,虽然在资本市场和舆论中VR正在遇冷，但VR游戏正在推动着AR/VR市场的需求。与此同时，一些科技公司像谷歌、微软、苹果以及三星等也在加大产品的开发和创新力度，以满足市场对于AR和VR产品日益增长的需求。据FMI全球AR和VR市场报告显示，2017年游戏行业有望占到AR和VR市场的三分一。
3,移动VR竞争:Oculus、三星、谷歌的三角恋,在刚刚结束的I/O大会上，谷歌公布了一系列令VR消费者十分兴奋的消息。但对行业来说，谷歌的消息意味着对市场的重新排名，其中这为Oculus的移动战略带来了巨大挑战。
3,开发者:高质量画面并非VR内容必要条件,刚刚结束的谷歌开发者大会上，搜索引擎巨头的VR和AR部门拿出了最新的武器Seruat渲染技术，让移动设备也能实现PC级别机器的渲染画面，让VR行业开发者心生向往。高精度的画面是好的，但这是不是VR内容的基本要求？近日，开发者Amir-Esmaeil Bozorgzadeh在VB撰文，称行业对高精度（high fidelity）画面的痴迷，已经影响了VR行业的发展以及VR技术的普及。
3,索尼新VR手柄配件:造型独特 约合344元,索尼在虚拟现实第一人称射击游戏领域，一直都拥有一个最佳的解决方案，那就是这个末端有个会发光小球的塑料控制器。而今天，索尼正式公布了这款Aim控制器，作为PlayStation VR的射击枪配件，并且将与虚拟现实射击游戏《Farpoint》同时发布。这款游戏的目的就是证明，这个手柄在虚拟现实游戏中的表现，与标准的手柄表现同样出色。
3,微软新AR曝光:近眼显示器直投全息影像,一直一来，微软的HoloLens都是AR行业产品化较为成熟的一款设备。然而近日，有报道称，微软内部似乎有团队还在开发另一款AR设备。据介绍这款AR眼镜的光学引擎目前还采取的是外置方案，通过近眼显示器可以直接投射出用户可见的全息影像。视场角达到80度，支持视力的自动校正。但目前还并未配备头部追踪等基本功能，所以距离量产还较为遥远。
3,Oculus研发部公布开创性的“焦面显示”技术,Oculus公司的VR和AR研发部门今天宣布推出一种新的显示技术，并称之为“焦面显示”。该显示技术旨在改善当今VR头显面对的视轴调焦冲突问题。Oculus称这项工作是“具有开创性意义的”。
3,浅谈VR线下体验的四大市场及区别,笔者认为线下体验市场可以分为：VR体验店、VR街机店、VR游乐馆和VR主题公园四大类。相信大家对“VR体验店”，“VR街机店”，“VR主题公园”三个词都不陌生，而“VR游乐馆”则是我新提出的一个分类定义，我会在后面作说明。这四个分类在消费者娱乐消费的目的性、娱乐场所的场地规模以及运营策略上都有不同的特点。
3,“不想天天吹牛”:创业者退场 VR进入洗牌期,25个月后，小饭（化名）终于决定辞职，离开这家一年前还在资本浪尖舞蹈的VR（虚拟现实）创业公司。“不想天天昧着良心吹牛了”，电话里，他气愤地对记者说，半年前，他还在央视的摄像头前侃侃而谈，对自己的公司充满信心。
3,斯皮尔伯格布局VR体验店：不做射击游戏,早在今年2月的时候，WSJ曾经报道大导演史蒂文·斯皮尔伯格联合之前的合作伙伴Kevin Wall、Walter Parkes成立了Dreamscape公司，目标是打造大型VR线下体验。在获得了华纳、20世纪福斯和米高梅以及IMAX等公司的投资后，有消息透露Dreamscape将于今年秋天在洛杉矶Century City Mall开业第一家VR线下体验中心，目前公司正在制作头两个VR体验。
3,苹果、FB都在谈移动AR 那VR前途又在哪,VR可以并将继续吸引大量玩家，特别是那些并不介意为此支付大量资金的人。但近来围绕以智能手机为基础的增强现实（AR）技术的发展，似乎让VR开发者们在休闲用户中更难找到吸引力。Facebook推出的AR平台配有Camera Effects功能，Snap宣称可利用World Lenses打造能在我们面前变化的物理世界。如今，这些都是围绕内容创作等琐碎方式实现的，还没有太多基于我们当前所了解的互联网与物理世界的接口形式。
3,谷歌收购VR游戏《工作模拟》开发商,在新技术领域，谷歌一向热衷于投资和并购，比如曾5亿美元投资AR技术公司Magic Leap。最近，该公司又收购了VR游戏《工作模拟》开发商Owlchemy Labs，不过，两家公司的公告都没有透露具体金额和交易条款。谷歌此前还重点推出了Daydream移动平台，所以收购Owlchemy Labs这样的资深VR游戏研发团队，对于丰富新平台的内容是很有必要的，由于具体交易细节未公布，我们也只能希望Owlchemy可以继续保持创意自由，带来更好的游戏体验。
3,研究显示:沉浸VR游戏可减少患者60%疼痛,过亿美国人受过慢性疼痛的苦，自 1990 年代以来，该国阿片类处方药的数量已翻至 3 倍。尽管美国只占全球人口的 5%，这类镇痛药物的使用量竟达到了 80% 。显然，我们亟需找到一种替代品，比如虚拟现实（VR）。行业资深人士霍华德·罗斯认为这应该可行。20 多年前，他在华盛顿大学人机交互技术实验室（HITLab）开始涉足 VR 行业。
3,VR行业钱很多:但要寻找游戏之外收入渠道,在上周德国举行的Quo Vadis会议上，开发者们表示，如果想要进入新兴的虚拟现实市场，那最好不要把赌注全押上，VR领域有很多钱，但如果把希望全部寄托在游戏方面是非常有风险的业务。Force Field VR工作室共同创始人Martin de Ronde说，“不要只和一家硬件制造商合作，不要只登录一个平台，也不要只是做游戏行业，还可以尝试VR领域的LBS娱乐、主题公园、品牌B2B业务，我们还在涉足AR等方面”。
3,Facebook致力于VR工作的员工超千人,来自Facebook内部的两条消息让业界对该社交媒体巨头的虚拟现实（VR）和增强现实（AR）部门的员工数量有了全新的了解。Oculus团队的PC VR业务负责人布伦旦·伊瑞贝（Brendan Iribe）透露的一些消息，以及Facebook在公司第一季度财报电话会议上传达出的信息，都表明该公司约占总员工数量5%以上的工人正致力于虚拟现实相关的工作，在该领域承担着不同的分工。
3,《工作模拟》开发商谈VR游戏成功秘诀,对于大多数购买了VR头盔的用户而言，可能很多人都至少尝试过Owlchemy Labs研发的《工作模拟》，这款奇怪的VR游戏可以让新手了解什么是虚拟现实，收入300万美元成为最畅销VR游戏、还获得了GDC最佳VR/AR游戏等奖项。最近该公司CEO Alex Schwartz在接受采访时讲述了学习VR的一些心得和其他方面的问题。Schwartz说，“当我们开始做《工作模拟》的时候，每一个游戏概念或者体验都必须反复重新设计，我们也不知道从开始到最终体验需要多少次重新制作和设计”。
3,Facebook关闭旗下Oculus VR电影工作室,Facebook周四下午宣布，将会关闭凭借短片《Dear Angelica》和《Henry》等虚拟现实短片屡获大奖的Oculus Story Studio。该工作室鼓励其50名员工在Oculus内部申请其他工作，正在进行的项目将会全部取消。
3,2017年Q1虚拟现实行业全景热度观察,VR 的相关搜索量在 2016 经历了从大爆发到逐渐退烧的过程；2017 第一季度虽在春节期间有所波动，但总体上仍依然延续了这种降温趋势。下面是腾讯互娱研发部游戏研究组带来了他们的深度研究，试图从政策、产业链、用户、技术层面，剖析VR热度情况，帮助我们量化VR的热度。
3,VR泡沫崩裂？一季度AR/VR投资暴跌八成,伴随着Facebook斥资20亿美元收购Oculus，已经有五六十年历史的古老技术虚拟现实，再一次引发了科技行业的关注，但是种种迹象表明，VR这一次的热潮，仍然难以形成气候。据外媒最新消息，刚刚结束的一季度，全球VR和AR的投资额暴跌了八成。需要强调的是，虚拟现实并非创新技术，历史上VR多次引发行业和公司兴趣，但是多次遭到失败，主要原因是技术不成熟，难以变成大众化应用。据国外科技媒体引述市场研究公司Crunchbase的报告称，一季度，全球VR/AR的风险投资额只有两亿美元（共有26家公司获得投资），相比去年同期的10亿美元（29家公司融资），暴跌了八成。该公司称，一季度两亿美元也创造了过去一年中投资的最低记录。另外，2016年一季度，由于增强现实公司Magic Leap进行了一次巨大规模的融资，因此导致融资额数据较高。不过相关图表显示，在过去几个季度中，全球针对AR和VR新创公司的投资，呈现逐步下滑的趋势。风险投资的下滑和市场基本面的信息比较一致。舆论普遍认为，虚拟现实曾经编织的梦想，现在看来依旧十分遥远。Facebook一直是全球虚拟现实的第一大推动者，而在美国，Facebook旗下的Oculus已经关闭了两百个VR演示店中店，原因是人气寥寥。另外，2016年三家全功能虚拟现实头盔厂商的销量，令外界十分失望，其中据机构估计，Oculus只销售了20万套，HTC大约为40万套，索尼相对成功，销售了90万套。虚拟现实头盔的使用体验，目前依然相当糟糕。比如头盔需要通过冗长的线缆连接游戏电脑，用户在移动中还要担心被线缆绊倒，另外眩晕感的老问题并未彻底解决。另外，许多智能手机厂商推出了低廉的手机型头盔，但是虚拟现实体验粗燥，许多设备仅仅是提供了环景视频，和“随着用户移动而移动”的浸入式体验风马牛不相及。这些廉价头盔所呈现的“纱窗效果”，也让许多消费者乘兴而来、败兴而归。包括Facebook、HTC等厂商，纷纷宣传虚拟现实前景的美好，但是目前包括头盔和高端电脑在内，总成本将近2000美元，距离启动一个大众化市场十分遥远。Facebook收购的Oculus，曾经被视为虚拟现实的先锋企业，但是这家公司也遭遇了滑铁卢，创始人团队已经离开或降职，由于定价失误导致销量低迷，该公司不久前宣布降价四分之一。Oculus从曾经的领导企业变成了落后者。由于被指控盗窃技术，Facebook和Oculus面临五亿美元的巨额赔偿。在不久前举行的Facebook开发大会上，从扎克伯格到高管，所有人突然开始高谈增强现实，虚拟现实突然遭到了冷落。据报道，高通、英特尔、谷歌、Facebook等公司正在开发不需要用线缆连接外部电脑的一体机头盔，这可能会提升虚拟现实的使用体验，但是成熟的产品何时上市，尚不得而知。另外如果摆脱了外部电脑，一体机的处理器是否能够拥有强大的计算能力，给用户呈现栩栩如生、快速变化的浸入式场景画面，这依然是未知数。from：腾讯科技频道                             如若转载，请注明出处：http://www.gamelook.com.cn/2017/04/289155/
3,Newzoo:全球1.9亿台手机兼容主流移动VR,Newzoo的调查报告显示，目前世界上只有不到2亿台智能手机可以支持虚拟现实体验。这家研究机构日前发文宣称，在全球28亿台智能手机中，只有1.91亿台（6.8%）能够兼容主要的VR头显：Gear VR和谷歌Daydream。
3,CCP公司CEO:看待VR市场要从不同角度,很多时候，生活取决于我们怎么看待。CCP公司CEO Hilmar Petursson在谈到VR市场的时候就表示，最好是用不同的视角来看待，他指出目前的高端VR销量已经超过了200万套，已经是很大的市场了。其中PSVR占了一半，Oculus和Vive占另外一半。
3,HTC发布VR建模工具“创造VR” 售价129元,去年年底的时候，HTC成立了全新的Vive工作室，致力于打造、培育和发布最新的高质量VR内容。上周五，Vive工作室联合Sixense发布了首款VR绘图工具《创造VR》。目前“MakeVR”已经上架，售价为129元。
3,bilibili代理VR手游《妃十三学园》，二次元或成VR游戏突破口,bilibili近日公布引进一款面向二次元用户的VR手游《Alternative Girls》，国服定名《妃十三学园》。据悉，该作是在回合制RPG的基础上，融入VR养成玩法的手机游戏。上线首日便登上日本App Store免费榜总榜第4位，最高曾登上畅销榜总榜第15位，并在日本累积了超过百万人次的下载。
3,解析三种科技巨头从VR中盈利的最好方式,虚拟现实在2016年起步相对缓慢，但仍然是具有潜在革命性影响的年轻技术。今天将向大家介绍三家已经准备好从这一新兴媒介中获利的企业：迪士尼、动视暴雪和微软。
3,英国最大VR开发商:不要盲目相信预测报告,作为一家工作室，nDreams是英国唯一专注于VR的最大游戏开发商。欧鲁尼的nDreams目前正处于成长阶段，并在不断扩充团队。他说：“我们内部有大概50名开发者，而且我们同时还与数个外部工作室合作。所以现在我们总共有约70名开发者在负责不同的项目，而且我们每个月都会增加2到3个人。我们正在扩张，这很好，但同时又有点令人害怕和兴奋。”
3,2016年AR风投达10.8亿美元 同比增长3倍,根据Greenlight Insights的资金数据库。AR收获了大量投资，比对VR的投资多了3.5亿美元。收到AR风投最多的几个公司分别是Magic Leap、ODG和Lumus，收获风投量最多的前六位公司加起来的风投总额占到了总金额的90%，达到了10亿美元。
3,VR专家警告:应多关注技术上的负面影响,据Polygon网站报道，最近的SXSW大会上，南加州大学混合现实实验室的主管 Todd Richmond 谈到了 VR 技术潜在的负面影响。
3,SIE中国总裁:给VR游戏开发者的几点建议,近日索尼互动娱乐中国区总裁添田武人对话行业媒体，从索尼如何挑选合作伙伴和如何打造爆款产品两个方面，解读了2017年PS VR平台的合作战略。2013年加入索尼的添田武人深受国内玩家喜爱，并被亲切的称为“五仁叔”。
3,VR趋势:PC端是短期主流 一体机后来居上,国外发展趋势VR技术最早在20世纪中期由美国VPL探索公司和它的创始人提出这一概念，后来美国宇航局(NASA)的艾姆斯空间中心利用流行的液晶显示电视和其它设备，开始研制低成本的虚拟现实系统，推动了该技术硬件的进步。目前，虚拟现实技术已获得了长足的发展。一、国际巨头纷纷涌入2016年是VR产业的元年，谷歌、索尼、HTC、微软、Facebook等国际巨头相继入局VR领域。Facebook在天价收购了Oculus之后，又开始着手收购与VR相关的科技公司，并着力打造应用平台，形成了硬件(Oculus Rift)+内容(各大内容供应商，Oculus Store)+社交(Facebook)为核心的生态闭环。索尼、微软、谷歌、三星等巨头公司也都通过相类似的方式进行VR生态系统的建设和布局。受制于诸多因素，虽说各家的VR生态系统还远称不上完善，但却也在这场竞争中占得了先机。苹果也早已开始在VR行业暗自布局，除了收购公司，据外媒报道，苹果已经挖了各大公司的VR行业人才，组建了自己的VR开发团队。二、硬件发展速度加快Oculus、三星、HTC都在2016年推出全新的VR硬件，而随着芯片和屏显厂商的加码，硬件的成熟将会加快。在芯片端，Intel、微软、高通等国际巨头都开始加入战局，高通首席执行官Steve Mollenkopf在2016年全球移动大会上表示，下一代骁龙处理器将大量桌面端场景搬到移动端。三、美国仍作为全球VR产业的领军者美国作为VR技术的发源地，其研究水平基本上就代表国际VR发展的水平。目前美国在该领域的基础研究主要集中在感知、用户界面、后台软件和硬件四个方面。美国宇航局(NASA)的Ames实验室研究主要集中在以下方面：将数据手套工程化，使其成为可用性较高的产品;在约翰逊空间中心完成空间站操纵的实时仿真;大量运用了面向座舱的飞行模拟技术;对哈勃太空望远镜的仿真。现在正致力于一个叫“虚拟行星探索”(vPE)的试验计划。现在NASA己经建立了航空、卫星维护VR训练系统，空间站VR训练系统，并且已经建立了可供全国使用的VR教育系统。北卡罗来纳大学(UNC)的计算机系是进行VR研究最早的大学，他们主要研究分子建模、航空驾驶、外科手术仿真、建筑仿真等。Loma lAnda大学医学中心的David Warner博士和他的研究小组成功地将计算机图形及VR的设备用于探讨与神经疾病相关的问题，首创了VR儿科治疗法。麻省理工学院(MIT)是研究人工智能、机器人和计算机图形学及动画的先锋，这些技术都是VR技术的基础，1985年M1T成立了媒体实验室，进行虚拟环境的正规研究。华盛顿大学华盛顿技术中心的人机界面技术实验室(1ilT lab)，将VR研究引入了教育、设计、娱乐和制造领域。从90年代初起，美国率先将虚拟现实技术用于军事领域，主要用于以下四个方面：虚拟战场环境;进行单兵模拟训练。四、欧洲在VR开发部分领域处于领先在VR开发的某些方面，特别是在分布并行处理、辅助设备(包括触觉反馈)设计和应用研究方面，英国是领先的，尤其是在欧洲。英国主要有四个从事VR技术研究的中心：Windustries(工业集团公司)，是国际VR界的著名开发机构，在工业设计和可视化等重要领域占有一席之地;British Aerospace(英国航空公司BAe)的Brough分部，正在利用VR技术设计高级战斗机座舱;Dimension International，是桌面VR的先驱。该公司生产了一系列的商业VR软件包，都命名为Superscape;Divison LTD公司在开发VISION、Pro Vision和supervision系统/模块化高速图形引擎中，率先使用了Tmnsputer和i860技术。国内产业趋势一、特征市场规模总体体量仍然较小，但潜力巨大我国VR市场规模总体体量仍然较小。知萌咨询在《2016年中国VR用户行为研究报告》中称，我国购买过VR设备的重度用户仅为96万人。同时，国内VR市场尚处于起步阶段，概念普及率不高，消费市场还较为冷淡。据百度指数对“VR”这一关键词的监测，其搜索热度明显低于Xbox One和PS4。但不少机构都预测，我国VR产业市场规模潜力巨大。速途研究院的《2015年VR产业发展报告》估算，2015年中国VR市场规模为14.8亿，预计2020年VR市场规模将接近600亿。艾媒咨询的《2015年中国虚拟现实行业研究报告》显示，2015年中国虚拟现实行业市场规模为15.4亿元， 2020年市场规模将超过550亿元。还有分析报告预测，从2015年到2020年，我国包括VR眼镜及其他同类设备的用户将从38.6万增长至3000万。投融资整体处于A轮前阶段，但日趋活跃从投融资阶段上看，目前我国VR项目的投融资主要集中在天使轮和Pre-A轮。大多数风险投资机构对VR企业仍处在谨慎观望状态。从投资主体上看，上市公司表现活跃。在VR投资领域上，上市公司具有投资金额大，A、B轮领投居多等特点，参股并购等投资方式均逐渐增多。从投资项目上看，资金集中布局在产业链的设备端和内容端。2015年，虽然包括硬件设备、内容制作、发布平台等VR产业链各个环节均有项目获得融资，但设备和内容更受到资本青睐。具备核心技术和较强技术壁垒的项目，游戏、影视以及与传统行业相结合的内容应用项目，相对更容易获得投资。生态圈初步形成现阶段，我国VR产业发展正在由用户、技术、硬件、内容、开发者、渠道、资本等力量共同推进，一个良性VR产业生态圈已初步建立，并正在形成一条集工具设备、行业应用、内容制作、分发平台、相关服务在内的全产业链。从产业格局上看，形成了地域以一线城市为主，厂商以初创小公司为主，变现方式以线下体验馆为主的发展态势。目前，我国VR厂商集中在北上广深等一线城市，初期以初创小公司为主，后期也有大的上市公司进行参股和并购。相较国外科技巨头高投入、长周期的VR开发模式，国内大部分小规模初创企业的VR开发具有投入较少、周期较短、技术含量相对较低等特征，产品主要面向国内市场。艾瑞咨询发布的《2016年中国虚拟现实(VR)行业研究报告》显示，近年来国内VR线下体验馆数量增长迅速，全国已超过2000家。从产品形式上看，头戴式VR设备是市场主流产品，游戏和影视是市场主要内容。目前我国市场上的VR设备主要分为VR头盔、VR眼镜和VR一体机三种，前两种均可归为头戴式VR产品，占据市场主流。而目前国内VR平台有约3500款内容产品，其中VR游戏约800款，58.6%来自PC平台，41.4%来自移动平台;VR影视约2700款，52.8%是全景视频，47.2%是非全景3D视频。国际AR硬件商纷纷入华从投资金额来看，阿里在AR领域投资了Magic Leap，Infinity，镜片公司Lumus和最新公布的Wayray公司，而腾讯、联想仅排其后，此外，还有不少实业公司加入。从CES上来看，2017年，中国企业在AR上的巨额投资将显出初步成效。在CES上的主流眼镜厂商，尤其是以中资为主的，都计划将2017年作为进入中国市场的重要时点。二、VR产品VR硬件目前国内VR硬件投资市场以输出设备为主，市场上主要产品可以分为移动端VR、PC端VR和一体机。第一，移动端VR。国内移动端VR厂商有暴风魔镜、焰火工坊等。在中国VR设备市场，基于智能手机的发展轨迹以及庞大的用户规模，移动VR被很多人认为是未来的主流VR设备。另外由于移动VR设备想对来说技术含量较低、成本不高，使得移动VR设备推广更为迅速。但在消费者的沉浸感和交互性体验上来说，就要比pc端设备和一体机低很多，尤其是目前技术还在发展阶段，VR内容较少，较低的舒适度和体验感会影响消费者对移动VR产品的评价。而且目前VR眼镜盒子严格上来说并不能算真正的VR设备，仅仅在透镜上与VR有所关联。第二，PC端VR。国内当前在制作PC端VR的厂商有乐相科技、蚁视科技、3Glasses等。虽然PC端VR头盔相对于移动VR存在操作繁琐、价格昂贵、携带不便等困难，但其绝佳的体验感让消费者体验到VR技术真正的魅力。以Oculus Rift为例，相比于Grea VR，Rift有定位追踪功能、更深层次的游戏体验和高保真环境。目前PC端VR还存在许多问题。我们使用PC端VR需要一定的空间以及多项设备包括PC、传感器的链接，并且VR设备对PC的硬件要求也很高。如HTC VIVE最低PC配置要求是酷睿i5+GTX970，Oculus Rift也类似。但是，目前微软、video等各大公司正在努力优化显卡，VR对pc硬件的要求也会随着技术的提升而降低，并且VR目前在努力发展云端技术，未来或许并不需要再连接PC。第三，一体机VR。相较于市场上的手机盒子以及依托电脑输出的VR产品，一体机更符合人们对VR的认知。VR一体机是具备独立处理器并且同时支持HDMI输入的头戴式显示设备。具备了独立运算、输入和输出的功能。VR一体机需要具备独立的运算处理核心，因此具有更高的研发难度。目前国内基本没有相关芯片制作厂商，一体机VR发展缓慢，短期无法形成较大市场规模。相比于PC端VR，一体机的便携性和易用性会比VR头盔好很多，后者需要坐在电脑前连一根线到头盔，还需要鼠标键盘来操作;另外，一体式的VR的软硬件都可以进行定制，从而达到最优的用户体验;同时一体机VR在人机交互上较移动端VR会有优势，在存储和续航方面能有更好的优化，同时可以更好地切换在线内容与本地内容;它不限于移动端，也能接入PC的内容。VR内容目前国内的VR产业发展集中在硬件设备领域，各种硬件产品层出不穷，而与之相对应的是内容的极度缺失，这让VR行业处于一个极为尴尬的境地。当前VR内容多为小型团队进行开发，游戏策划、对战数值等都有着各种问题，使得整个VR内容处于无亮点的重复开发，内容的乏味可陈，大大的降低了用户的粘性。大型互动式的网游尚未产生，没有大量优质的原创VR内容，无法激活用户兴趣。而VR产业想要真正发展起来，必须保证足够量的优质内容，结合硬件发展，形成自己的产业链。而要建立牢不可破的产业链，具有一定IP资源、互动性强且游戏设计经验丰富的大型游戏开发团队将成为VR产业链中最佳内容供应方，同时全新的制作方式和思路也带给创业团队优秀的机会。因为今年它不仅是一个概念，它在很多行业都有着实际应用，确实是虚拟现实突破最大的一年，比如医疗、旅游、娱乐、直播等等有很多的新内容出现。有一个问题是现阶段好多VR内容质量特别差。原因很简单，市面上所有硬件和软件都不成熟，VR出现时间也较短，要开发出针对于VR设备的成熟内容，时间是必需品。三、发展预测与展望PC端VR将是短期主流，一体机将后来居上移动端强调趣味性和移动性，PC端强调逼真性。PC端是目前最被推崇和看好的VR形态。因为它有着高配置，体验效果极佳。目前市场上PC端的VR设备也是最多的，VR体验做得好才有人买单，如果只贪便宜，不注重质量也会拉低VR行业的水准。许多市面上价格便宜的VR设备体验不佳，这可能会让公众对VR失去信心。如今国际大厂在努力将VR做好也可以看出未来VR的主要形态将会放在PC端上。相对而言，虽然被众多手机厂商捧起的移动VR更方便，但在体验上与PC端产品相差很大，而且目前移动端VR更多的仅仅是手机盒子，很多专业人士都表示这不是真正VR设备，其带给用户的体验也与预期相差甚远，在VR最主要的沉浸感和交互性方面难以达到用户标准。其次，VR手机盒子因为要适配各种手机，难以满足多数人需求。而作为技术含量最高的VR一体机，既包含了移动VR的方便性和便捷性，同时也包含了PC端VR的高体验感，在VR领域毫无疑问是最优秀的产品。但目前由于技术限制，一体机最重要的处理芯片研发不足，市场上也缺乏相关厂商，在内容缺失和智能化程度低等一系列现状下，一体机距离人们理想中的效果还有一段路要走。VR产品三年内有望普及国内VR市场热度虽然仅次于美国，但在宣传普及力度上还存在很多不足。很多消费者并不了解VR，也没有真正接触过VR。目前国内主要的宣传手段更多地依靠线下体验店，但由于价格、数量等问题，传播的效率依然不足。根据投中研究院分析，短期内VR产品想要普及，在提高产品质量的同时，更应注重广告宣传和网络传播手段，依靠BAT等互联网巨头向消费者们普及VR概念，提供更多的体验机会。并且VR设备成本也需要控制在用户能够接受的范围内。无论如何，VR的价值会逐渐被人们接受，它难以替代的作用也会使得VR设备成为人们生活中必不可少的一块。智能手机从出现到普及用了三年左右的时间，相信VR也会在三年时间内走进人们生活，人们无论是在娱乐还是工作上，都可以享受到VR带来的不一样的感受。硬件端龙头初显，内容端机会犹存就国内而言，硬件市场已经有乐相科技、暴风魔镜等产品较为成熟的厂商，他们拥有巨大先发优势，几乎已经形成垄断局面，而且硬件对资金要求较高，留给创业团队的机会已经不多，大批硬件创业公司的死亡也表明VR硬件领域生存艰难，而VR内容制作市场相对来说更适合初创团队进入。目前VR内容方面尚缺少标杆性产品，也没有统一的标准，且内容相比硬件来说更具多元化，依靠小规模团队也能制作出具有竞争性优势的产品。可以预计，未来VR市场很可能会是硬件厂商几家独大，内容厂商百花齐放的场面。from：腾讯研究院                             如若转载，请注明出处：http://www.gamelook.com.cn/2017/03/286868/
3,腾讯互娱发布2016VR技术白皮书,2016年被称为VR（虚拟现实）的元年，我们看到了手机VR头显、PC VR头显、游戏主机VR头显和VR一体机的纷纷上市，但业界的热情并没有完全转化成消费者的认可，这中间有各方面的原因，包括基础体验不够好、使用成本过高，也包括优质内容的匮乏。似乎这个元年来得并没有想象中的轰轰烈烈。
3,[战争机器]之父:目前VR游戏大多只是噱头,《战争机器》之父Cliff Bleszinski对于虚拟现实有一些自己的想法，但表示他自己的工作室Boss Key短期内不会发布任何VR游戏，如今的VR比较大的问题之一是，它的安装量还不够大。另外，目前版本的头盔还需要完善不少东西，而开发商们则面临巨额成本投入。VR能否成为主流呢？Bleszinski认为是有可能的，但不会很快。
3,科幻变成现实 解放双手用意念控制VR游戏,用意念控制外在事物一直都是科幻小说或科幻电影中的场景，但波士顿创业公司Neurable却要把它变成现实。通过Neurable的技术，用户可以用意念来控制虚拟现实(VR)游戏，从而解放双手。到目前为止，VR还是一项新鲜技术，以致于我们还不清楚与VR互动的最佳方式是怎样的。而波士顿创业公司Neurable给出的答案是利用大脑，即追踪脑波，然后利用该结果来控制VR视频游戏。
3,IDC:AR和VR游戏复合年增长率将超220%,根据IDC的一项新预测，西欧地区增强现实(AR)和虚拟现实(VR)的硬件、软件和服务支出将达到25亿美元，比2016年的11亿美元增长131%。IDC预计，消费者市场将是今年AR/VR的最大支出部分，占总支出的56%以上，这些支出主要用于VR商品和服务。
3,中国VR产业白皮书:2020年市场趋于成熟,近日，由工信部电子信息司指导的虚拟现实产业联盟投资促进委员会正式成立，并发布了《2017中国VR产业投融资白皮书》。下面是《2017中国VR产业投融资白皮书》给出的一些重要数据、2016年中国VR产业投融资情况和中国VR产业投融资环境及趋势分析。
3,高门槛的动作捕捉技术 成VR发展的拦路虎,在虚拟现实领域，动作捕捉技术中的光学定位技术和基于传感器的惯性动作捕捉技术是绑定在一起的，因为如果想要实现VR的完全互动和真实沉浸感，这两个技术缺一不可。但相比较于硬件设备厂商和内容研发商，愿意在动捕领域深造的公司委实不多，可能，“刚刚开始的VR还不太需要这些吧”。
3,Oculus总监:VR内容不是FB后期主要目标,在刚刚结束的GDC上，Oculus发布了2017年游戏的强大阵容，从3月起，每月都有一款新游大作将会在OC上发布。这不禁让人联想到之前传闻Facebook将会着手开始打造自己的VR生态系统，并逐渐通过转型并生产VR产品刺激消费市场。不过目前看来Facebook还不会涉足VR内容产品。
3,苹果新专利:iPhone或成VR头显的遥控器,根据苹果这项最新专利显示，用户可以用iPhone作为虚拟现实头盔的严控其使用，虽然在专利中苹果没有明确提及这是一款虚拟现实设备，不过从造型上看，的确是一款虚拟现实或者增强现实类产品。虽然从VR头盔的设计部分来看，与谷歌Daydream和三星Gear VR设备没什么太大的区别，但是在专利中苹果描述了一种场景，通过iPhone和头盔上的某种端口连接，然后配对后变成了辅助控制装置。
3,Oculus公开Touch VR控制器CAD文件,Oculus已经开放了《Touch Accessory Guidelines 1.0（Touch配件指南1.0）》的下载，其中包括Touch VR控制器的3D CAD文件。此数据可用于帮助设计师和制造商开发集成Touch硬件的新配件。《Touch配件指南1.0》可在Oculus开发者网站上下载，其中包括控制器外表面和电池仓的技术图纸和STEP文件。此外，它还包括Rock Band VR连接器的数据，帮助开发者设计通过适配器连接至Touch的设备。
3,26万VR设备故障连连 卖方:只换不退,本想买一套VR设备在老家开游戏厅的杨先生，至今仍在为设备运转发愁。近日，杨先生向本报反映，去年他在北京身临其境文化股份有限公司（简称身临其境公司）购买了一套VR设备，结果设备几乎无法运转，他打算退掉并按合同索赔。而身临其境公司则提出以低价设备进行设备替换。
3,HTC副总裁:3A VR大作仍需等待几年时间,在上周举办的GDC 2017上，知名外媒Gamespot对HTC Vive的全球内容副总裁Joel Breton进行了一个较为深度的采访。在这个非常长的采访中，Breton讨论到目前VR游戏还缺乏3A级大作的问题，抨击了Oculus的平台独占策略并且对开发中的《辐射4》VR版发表了自己的看法。
3,3个建议告诉你该如何利用VR和AR做营销,很多CMO（首席营销官）感到困惑。在美国，使用增强现实（AR）或虚拟现实（VR）设备的人不计其数，预计在2020年，AR和VR的收入将高达1200亿美元。精明的营销人员瞅准了这个机会，他们正在寻找能让自己品牌在这股潮流中脱颖而出的方法。本文将给那些想要利用VR和AR营销却不得其道的朋友们3点启示。
3,新技术 Oculus和GearVR加入语音识别,此前我们曾经报道过Oculus Home出现了Beta版的语音搜索功能，(Oculus上线VR语音控制，部分用户可在Home界面测试)而如今现在以英语为第一语言的用户已经可以测试这一特性：“让人能够在Oculus Home界面使用语音搜索，来导航游戏、应用和体验。”Oculus Rift的这一特性的确可以使用。一旦在Home界面激活，就可以说“Hey Oculus”这句话来让应用听取你的语音指令。
3,回顾过去 关于VR现状和未来的八大总结,我们大约在一年前拿到了首款消费者VR头显，自那以后，有许多人为了解下一个计算平台而拜访了我们，我们也为他们进行过100多次VR（Vive和Rift）和AR（HoloLens）的演示。小孩、家长、老人、专业足球运动球、官员、公司高管、游戏爱好者…从怀疑论者到极度兴奋的乐观者，我们为来自不同行业不同背景的人进行过演示。至今，我们已经参加过50场特别的VR/AR演示。现在，我们认为回顾过去，并思考VR的未来很有意义。以下是我们对第一年VR的部分看法。
3,Oculus：47%移动VR用户喜欢无交互体验,Oculus VR的制片人拉德·斯托萨夫耶维奇表示，大约一半（47%）的移动端VR用户都更加喜欢没有交互的VR体验。这其中每个VR应用都只会给出最基本的头部移动交互。更加被动式的VR应用、视频播放器和360度编辑器，比如博物馆这种旅游、学习的应用，得到了用户的好评。不过在GDC大会上，斯托萨夫耶维奇也表示：“不能忽略的是。在未来更毒的人会喜欢互动式的体验”。
3,市场趋势?VR游戏是否该以轻度游戏为主,即便是那些对VR略窥皮毛的跟风者，大概也听过其“重度体验”的梦幻魅力，去年年底时亮相的PSVR将这个概念推向了顶峰，一部分人开始认为——3A级的虚拟现实体验正在慢慢成为主流。然而，与众多厂商入驻VR领域的风头相反，VR方向的重度体验实际上还没能走出什么名堂。
3,UE4游戏引擎新模式:在VR中创作VR游戏,Unreal引擎开发商Epic Games在GDC上展示了其VR编辑器的最新功能，新版本中，开发者可以利用完整的编辑工具集结合可交互模型，在VR环境中设计VR应用的建筑模型。官方表示新版本目标在今年4月17日发布。
3,2016年VR头戴设备出货量超过3000万台,016年推出的一系列新的VR平台竞相争夺消费者、开发者和企业的关注。Strategy Analytics发布的最新研究报告《2016年VR头戴设备平台市场份额》估算，2016年VR头戴设备出货量超过3000万，在不断碎片化的市场中被六大主要VR平台瓜分。
3,Sketchfab:2017第一季度VR行业趋势报告,Sketchfab发布了一份VR行业趋势报告。这个趋势报告提供了对虚拟现实行业2017年第一季度状态的全面概述。它是基于Sketchfab平台（有70多万名贡献者和超过100万个可在VR中查看的场景）的真实数据，以及Sketchfab最近的VR调查。该报告详述了行业内观察到的趋势，特别是与内容，VR硬件和VR未来相关的信息。
3,Magic Leap创意总监:MR将推动游戏变革,Magic Leap的创意总监兼游戏、应用和创意体验的高级副总监表示：“《超级马里奥64》的诞生改变了游戏行业。”迪瓦恩指出，行业利用3D图形来开发游戏已经有一段时间，但开发者认为市场并不会理解游戏的关卡设计。他说：“游戏设计自那以后便没有任何的改变。世界已经变得更加美丽，但游戏这个词仍然位于玻璃的另一边。混合现实的任务是再次推动游戏设计向前发展。”
3,PS VR上市四个月销量近百万 远超预期,"相信很多人都有这样的感受，VR行业近期处于低潮，没能达到当初的预期。但索尼新近公布的销量数据或许能让你对行业状况的看法有所改观。在接受纽约时报采访时，索尼互动娱乐全球总裁Andrew House对外界透露了PlaySation VR的销量——截止2月19日，上市大概4个月后，一共卖了915,000台。"
3,让用户身临其境 VR+电竞将成未来新趋势,虽然还处于幼儿期，但是VR已经改变了玩家看待互动娱乐的方式，并开始扩张到电子竞技领域。英国市场研究机构Juniper Research近期的一份研究预测，到2020年时，VR带来的游戏收入将会达到90亿美元。《生化危机7》是第一款可以完全使用VR模式体验的AAA级游戏，而据卡普空提供的数据，共计有9.7%的玩家选择使用这种模式玩游戏。《生化危机7》或许还不算是竞技类游戏，但至少体现了有这么多的粉丝愿意在VR设备上进行投入这一好迹象。
3,[龙与地下城]VR团队分享VR游戏开发经验,你好！我是Experiment 7的产品经理Coray Seifert。过去的4年里，我一直在以各种不同的身份致力于VR游戏的开发，先后在Impeller工作室、Autodesk的AR/VR团队工作，最有意义的是最后来到Experiment 7与各位好友共事。我犯过不少可怕的错误，它们至今都是我的梦魇。我想在此跟你们分享其中一部分经历。
3,Steam目前仅30款VR应用营收超25万美元,在最近的新闻发布会上，Valve表示Steam平台上只有三十款VR应用的营收超过25万美元。Valve目前正在重金押宝VR，其执行总监加布·纽维尔对VR的未来十分乐观，但他也毫不避讳对外公布这一年轻行业中的事实.
3,2016中国VR头盔销量30万套 占总份额15%,虚拟现实（VR）在中国和全球市场开始升温，许多山寨企业也推出了所谓的VR头盔。日前，研究机构推出了去年中国VR头盔市场的排名，HTC名列第一。据台湾电子时报网站引述市调公司Canalys的数据称，去年，中国市场销售的虚拟现实头盔一共为30万套，中国成为全球第二大市场，全球份额为15%。
3,VR小报系列沙龙第二期:VR射击游戏闭门分享专场,速途网络(证券代码:837625)旗下VR事业部自2016年4月7日成立至今，以“VR小报”为品牌报道了大量VR行业内容，自2017年我们将结合“VR小报线下沙龙”的形式，来聚集更多的VR创业团队、CP、投资人及关注VR行业的业内人士。
3,高价VR头盔短期内难以流行 发展不及预期,外媒评论称，虚拟现实技术虽然被广泛看好，但价格昂贵的虚拟现实头盔却没有进入发展的快车道，这些开发商要想获得回报，可能还需要等待更长时间。霍尔表示：“虚拟现实的未来非常光明，但是短期内我们还没有看到我们的位置。对我们而言，投资回报还不够。”
3,HTC Vive成中国市占率最高的VR头戴设备,据市场调研公司的数据，HTC Vive在2016年似乎过得还不错，拿下了中国市场VR头戴市占第一的位置。提供数据的是Canalys，该报告中总共列了中国市场的市占前5名，以及others。
3,VR依旧前路漫漫 开发者生存环境并不乐观,虚拟现实仍代表着未来，但这个未来的出现或许没有我们想象中的快。根据统计，PSVR上的VR内容只有不足100款（国区玩家只有20多款）。如果索尼不加快节奏，主机VR的普及将会不可避免地放缓。对索尼来说这是一个坏消息，他们需要更多的内容以吸引和留住用户。另外，VR游戏开发者的生存环境并不乐观，这或许会导致他们迅速远离VR。
3,山寨VR调查：资本宠儿沦为10元电子垃圾,目前国内市场上9成以上的消费者，购买的都是不足百元的VR盒子，而这些盒子几乎都产自华强北的小工厂，其成本价最低在10元左右。甚至有一些创业公司的“品牌”VR盒子，也是直接从这些厂家订购直接贴牌。由此，寻找中国创客探访了多家VR盒子生产工厂，揭开了一个廉价VR头显设备的隐秘江湖，其中有残酷的低价竞争，也有毫无顾忌的粗暴抄袭；有工厂薄利多销背后的无奈，也有供应链的不屑与贪婪。在VR行业仍旧处于寒冬的情况下，过度泛滥的劣质山寨头盔，毫无疑问将对VR技术在消费领域的未来产生负面影响。
3,融资14亿美元:Magic Leap短期做不出产品,自2014年夏季以来，Magic Leap获得了惊人的14亿美元融资，但最近该公司的负面消息不断，一张被泄露的照片显示，Magic Leap的技术与其CEO所描述的相差很远，还有消息称，该公司高层出现了内讧，为了应付投资者压力而仓促做了创意原型。长期关注AR的分析师Richard Windsor称，Magic Leap想要做出真正的消费者AR产品还差很远。
3,宫本茂:VR游戏问题太多 依旧任重而道远,尽管VR是当前最前沿和火热的科技产业之一，无数游戏厂商也将它描述为游戏未来或者新形态，但《马里奥》和《塞尔达传说》系列的缔造者，日本任天堂公司的著名游戏设计师宫本茂并不看好VR在游戏行业的应用。在接受《时代》杂志采访时，宫本茂表达了自己对于虚拟现实的忧虑和疑问。
3,2016年VR投资金额破23亿美元 同比涨3倍,最近，投资分析公司Digi-Capital发布了最新的2016年VR行业并购报告，该公司表示，2016年AR和VR领域的投资达到了23亿美元记录，是2015年7亿美元的三倍多，12个月同比增长300%，高于任何其他领域的投资增幅。在整体增长和规模方面，VR去年的表现差强人意，所以，虽然短期表现不利，但投资者们很明显看好长线发展，2017年对于VR/AR来说是非常重要的，机会与挑战并存。
3,用户太少 Facebook关闭200家VR体验店,要想见识VR技术的威力，试玩是最好的途径，因为沉浸感到底是什么语言可表述不清。不过，花大力气在VR上的Facebook对试玩这种方式好像有些打退堂鼓了。据悉，本周三Facebook关闭了它们全美500家Oculus Rift体验站中的200个，理由是“季节性调整”。
3,小岛秀夫:目前打造一款大作需耗时三年,当被问及他是否觉得两到三个小时的游戏能够让人印象深刻、得到满足时，小岛给予了肯定的回答：“目前，要打造大范围游戏必须要花费3年以上，让玩家的游戏时间超过100小时。但是我觉得游戏会朝着章节制的方向发展，以体量更小但是稳定的节奏推出。”
3,三星：英国VR市场2020年将达3.54亿欧元,三星预测，英国VR市场到2020年将增长390% ，达3亿5430欧元，英国的VR市场预计将从4640万欧元增长到2020年的3亿5430万欧元。
3,2016年VR产值达18亿美元 总销量630万台,VR在2016年经历了过山车一般的走势，经过一年的起伏，业内对于VR产业的发展情况也进行了相应的梳理。日前有关VR产业的数据报告出炉，数据显示在2016年VR的市场总产值为18亿美元，总销量为630万台。
3,VR除了玩游戏之外 还能治疗心理疾病,虽然人们对于“VR（虚拟现实）技术”已经感觉不再陌生，但大多数人的印象还停留在它可以提升游戏和娱乐体验上。事实上，VR技术有着隐形的、更强大的力量，足以改变人类的思想与行为。不久前，坐落在硅谷中心的斯坦福虚拟现实与人类交互（VHIL）实验室，开始着手研究VR技术是否能够改变人类的思想与行为。令研究者们最感兴趣的是，如果“虚拟现实”有能力改变人类的认知，那将如何改变？
3,Magic Leap新专利:MR头显能治疗色盲,然而日前美国专利及商标局通过了Magic Leap公司的一项专利申请。该专利跟通过增强现实技术来治疗色盲有关，展示了这项时尚但未成熟的技术的新应用。Magic Leap的专利说明了增强现实设备可以用于诊断和治疗眼部问题，尤其是色盲。
3,VR职位暴涨 视频游戏设计师年薪13.5万刀,自2014年以来，求职者对于游戏设计职位的搜索一直保持相对稳定，不过市场上对于游戏开发职位的搜索上涨了50%，并且对于AR以及VR职位的搜索暴涨超过了1500%，和AR/VR相关的职位发布量上涨了400%。在2014年游戏开发商所发布的职位数量下降以来，电子竞技方面的职位稳步增长，总体超过了40%。
3,2021年VR/AR市场规模将达到1080亿美元,Digi-Capital刚刚发布了“2017年增强现实和虚拟现实报告”。报告预测到2021年全球VR/AR市场规模将达到1080亿美元，而移动AR将成为增长的主要动力，届时AR市场规模将达到830亿美元，而VR市场规模则在250万美元左右。
3,收费高性价比低 VR线下体验店六成亏损,2016年被称为VR行业元年，虽然颇受资本青睐，VR行业却一直难以实现盈利，在此情形下，VR线下体验店出现，不但为VR行业开辟了新的变现途径，也成为普通消费者体验VR技术的便捷方式。但是据《中国VR体验店现状白皮书》显示，2016年全国3000家VR体验店中，实现盈利的仅三成，绝大部分体验店仍处于亏损状态。
3,体感技术公司SoftKinetic实现VR手势交互,2015年被索尼收购的比利时体感技术公司SoftKinetic是一家专注于TOF（time of flight）技术的厂商，而SoftKinetic现在尝试利用这种技术来实现手部和手指追踪，让用户在虚拟现实世界中实现直接的手势操控。
3,VR行业趋势报告:79.6％受访者体验过VR,近日，Sketchfab发布了一份VR行业趋势报告。这个趋势报告提供了对虚拟现实行业2017年第一季度状态的全面概述。它是基于Sketchfab平台（有70多万名贡献者和超过100万个可在VR中查看的场景）的真实数据，以及Sketchfab最近的VR调查。该报告详述了行业内观察到的趋势，特别是与内容，VR硬件和VR未来相关的信息。
3,风波再起 Oculus VR被起诉窃取专利,近日，Facebook 旗下 Oculus VR公司及其创始人Palmer Luckey因窃取游戏开发商ZeniMax专利而被后者告上法庭，今天，这起诉讼案件在美国德州北部的达拉斯开庭。
3,传苹果与蔡司合作研发的AR眼镜明年上市,有关苹果进军增强现实硬件领域的传闻于周一得到进一步的依据。AR/VR传道者Robert Scoble宣称苹果正在与光学元件生产商卡尔蔡司合作开发一款轻便的眼镜。
3,2017年全球VR设备出货量将达到510万部,根据TrendForce的最新预测，2016年全球VR设备出货量预计将达到291万部（不包括移动VR）；2017年将达到510万部，增幅75%。索尼预计将是今年VR设备出货量最高的品牌，其次是Oculus和HTC。
3,2021年全球移动VR市场将达到109亿美元,Tractica预计，2016年销售的消费级VR头显中，超过88%是移动VR设备，而且移动VR的领先地位还将延续到2017年。到2021年移动VR头显设备将占VR头显出货量的3/4，届时全球移动VR市场将达到109亿美元(包括硬件和软件)。
3,首款VR鞋子发布:套装售价1000美元起,谈起VR ，就不得不提到沉浸式体验，除了在头盔里让眼睛和耳朵吃冰淇淋，技术人员还想通过其他手段全面提高 VR 体验的真实性。眼下，最佳处理方案就是利用室内追踪传感器和无线手柄让你在室内小范围行走并抓取虚拟物品。不过，这只是个开始，在今年的 CES 上，一家新创公司打造了一双塑料的 VR 鞋，穿上它你就能感觉自己行走在虚拟世界。
3,关于VR/AR市场未来趋势的12项现实状况,2016年推出的Facebook Oculus可能会加速下一个计算平台的发展。微软、索尼、谷歌、英特尔、Nvidia都进入了这个新生的市场，可能还包括苹果。到2020年时，如果制造商能解决宽带、内容、设计、处理性能、成本上存在的问题，VR和AR将在消费设备中普及。游戏是最主要的应用领域，然后是电子商务、广告、教育和医疗。
3,Crytek中国：运转正常 1月发布VR新作,近日，一则“《孤岛危机》研发商Crytek宣布关闭旗下工作室”的消息不胫而走，这个世界顶级游戏和引擎研发商此举在各国游戏圈引起诸多猜测，12月29日，Crytek中国上海针对工作室关闭的消息做出回应：Crytek中国上海工作室目前一切运转正常，并将于2017年1月份在HTC平台发布VR游戏《罗宾逊：旅途》。
3,Oculus收购眼球追踪公司 着力交互问题,The Eye Tribe成立于2011年9月，目前已完成了300万美元的种子轮融资，并负责一个价值440万美元的政府支持项目，与乐高、Serious Games、哥本哈根信息技术大学和丹麦科技大学一同为大众市场推出眼动控制。The Eye Tribe的代表产品是Tracker Pro开发者套件，售价为199美元。
3,盲目投资过头 VR风口过后的求生之路,在中国，BAT于2016年相继入局，同时，超过60家上市公司宣称跨界VR行业，由此2016年也被称为我国VR行业元年。但是，行业的发展进程似乎比预期慢了一些，瓶颈却来得比预想早了一些。与2015年及2016年初的火热境况不同，进入5月后，涌向VR的资本来了个“急刹车”，知名VR企业大裁员，多个初创企业项目“速冻”，VR行业从夏天进入寒冬。
3,移动VR游戏能否像手游一样 成为投资风口,随着 VR 行业的越来越热，这一方面的人才会逐渐地补上，然而，他们目前面临的另一问题是在移动 VR 游戏探索上面。不可否认移动 VR 是目前大多数人体验VR的主要方式，那么移动VR游戏会像手游一样，成为下一个为投资人疯狂风口吗?
3,2016VR元年回顾:游戏成为虚拟现实代名词,2016年虚拟现实产业爆发，因此也被称为虚拟现实元年。全年下来大大小小的硬件设备多达数千款，其中既包括PC级头显，也有VR一体机和VR眼镜，当然还包括用于生产内容的全景相机设备，而软件方面的内容更是不计其数。只要能够和虚拟现实挂钩的地方，每天都有故事在发生，不过，叫好声中，一些从业者却发出了不同的声音。
3,HoloLens新专利或解决视场角过小的问题,微软正站在增强现实革命的最前沿，但人们普遍在抱怨其头显HoloLens的实际覆盖视场过小（小于40度），让3000美元头显的市场营销策略存在误导性。现在微软已经为这个问题提出了一个潜在的解决方案，但似乎不太可能会减低设备的成本。
3,雷声大雨点小 国内VR产业该何去何从,与国外VR行业相比，国内起步较晚、技术薄弱，而国外的索尼、HTC、Oculus 这三大VR巨头既有领先的技术，还掌握着产业链的主动权，正在打造自己的生态。笔者认为，对国内VR企业来说，现阶段如果能先依托对方的技术标准，减少开发的成本和风险，随后再过渡到自主研发，也许会更有利于一个新产业的发展。
3,外媒：VR社交是其走向成功化的重要因素,制约VR发展的最大因素是什么？硬件、内容还是应用？国外媒体人Signe Brewster日前撰文称，VR会让人倍感孤独，开发者们需要找到推动用户互动、加强社交的方法，只有走上社交化的道路，VR才有成功的可能。
3,GFK：中国VR硬件整体销售额达6.5亿元,虽然，Oculus的销售似乎不如预期，但VR零售的整体形势并不悲观。GFK调研发现，2016年，中国VR硬件整体销售额达6.5亿元，较2015年的1.5亿元增长3倍多，月平均销售设备量达382台，品牌数量达480个。有趣的是，各国消费者对VR认同度的调查报告显示，中国消费者对于VR的接受程度高于美国、日本等大部分国家，目前潜在用户规模已达2.86亿。
3,三星宣布进军AR头显 与HoloLens直接竞争,三星副总裁 Sung-Hoon Hong 近日在美国加州圣迭戈举办的虚拟现实峰会上表示，三星正在研发两个新系统。一个是 VR 头显，也就是三星 Gear VR 迭代产品。而另外一个是类似微软 HoloLens 的增强现实头显。
3,“VR+电竞”被热捧 但现在谈还为时过早,随着近些年来MOBA游戏的火热，电子竞技产业的发展也是一路顺风顺水，根据公开数据显示，当前的电竞市场规模在不断扩大，到2017年市场规模可达到465亿元，用户将突破2.8亿人。VR作为新兴产业，也被投资者及市场誉最有潜力的行业未来的前途也不可限量，而“VR+电竞”这一概念也自然被提了出来并受到吹捧。
3,VR游戏公司Survios融资5000万美元,对于初期阶段的VR游戏来说，《Raw Data》的表现已经非常接近成功，首月的收入就超过了百万美元。对于投资者们来说，这或许让他们投资VR游戏工作室的时候少了一些担忧，昨天，该游戏开发商Survios宣布结束了两轮融资，总融资额为5000万美元。随着《Raw Data》的成功，未来或许有更多高质量的VR内容说服消费者们进行尝试，而由于VR游戏制作成本较高，像Survios这样的融资对于VR整体行业的发展是非常必要的。
3,Oculus重组PC移动部门 CEO艾里布卸任,Oculus首席执行官布兰登·艾里布（Brendan Iribe）日前在公司官方博客中发表了卸任声明。该公司同时宣布重组，分为由艾里布领导的PC VR部门和前软件部门主管乔恩·托马森（Jon Thomason）领导的手机VR部门。两个部门暂由脸书首席技术官麦克·斯克洛普夫（Mike Schroepfer）统领，直到选出Oculus新任总裁。
3,外媒:VR年度报告 3大亮点与3项不足,VR在今年可谓是出尽风头，甚至有人将2016称为“VR大年”。我们相继见证了Oculus Rift、HTC Vive和PlayStation VR三大消费者级头显设备的发售，虽然VR厂商们都还没有公布具体销量，也还没有出现一款足以称霸市场的VR游戏，但我们在所有VR平台上都看到了巨大的潜力。
3,VR业五大趋势：线下体验店将在中国井喷,Presence资本的创始人和合作管理伙伴Amitt Mahajan说：第一批在VR领域收获大笔利润的依然会是游戏公司。“鉴于中国巨大的房地产市场，他们需要想办法利用大量的土地和空间，VR体验馆是个很不错的解决方案。这样用户不需要亲自购买昂贵的电脑，只需要付费体验就可以了。目前已经有不少人涌入这个市场，我认为中国变成VR首个主要市场只是时间问题”，Mahajan表示道。
3,Oculus内容部门负责人：VR将是终极平台,贾森·鲁宾(Jason Rubin)是Oculus内容部门的负责人，同时是顽皮狗工作室的联合创始人，在游戏行业有着30多年的经验。随着Touch控制器的推出，Oculus Rift正逐渐从开发者设备蜕变成消费者产品，并伴随着大量由Oculus资助的软件内容。日前，国外著名游戏站Kotaku采访了鲁宾，下面是整理的关于他对VR和Oculus的看法。
3,儿童AR游戏开发商Osmo获1.65亿元融资,Osmo凭借其为孩子们打造的增强现实iPad游戏而崭露头角，目前它正与一些大型儿童品牌公司合作，并宣布获得了2400万美元的新一轮融资。此轮融资将进一步促进这家游戏和玩具公司在硅谷的成长。
3,扎克伯格:建立完整的VR生态系统还需十年,扎克伯格说：“老实说，我不知道形成一个完整的虚拟现实生态系统还要多久，可能是五年、十年，也可能是十五年、二十年。但我觉得至少要10年。就像智能手机一样，一开始也需要10年的时间才真正进入大众市场，黑莓手机2003年已经发布，但是直到2013年总销售量才达到10亿。所以我并不认为虚拟现实能在短期内走进大众市场。”
3,微软:AR头显Hololens才是游戏最终目的地,众所周知，微软计划于明年推出代号为 Project Scorpio（天蝎计划）的下一代游戏主机。显然微软正在打造一款最强劲的主机，天蝎计划这款主机欲将真正的4K游戏及高保真的VR体验带到Xbox平台上。在最近的一次采访中，微软Xbox部门负责人Phil Spencer回答了很多有关天蝎计划的问题， 并透露软件巨头微软最终想要为用户带来无线VR体验。
3,解析VR元年即“寒冬” 其背后的商业逻辑,去年开始的虚拟现实热潮，在今年的2016年可以说达到了顶峰，一般行业来讲将2016年称为VR产业的一个元年。但与此同时，VR元年却也有出现了另一番冰火两重天的景象：锤子科技孵化了两年之久的VR项目被爆已经分拆，前不久也曾传出暴风魔镜裁员过半的消息。上半年处于风口的VR行业或许即将迎来动荡期，寒冬论弥漫在行业上空。 一时冰火两重天。
3,VR从业者：裸手交互目前是一个伪需求,从实际角度，目前的VR手势捕捉设备大多是采用Leap Motion或者Intel Realsense这样的深度视觉识别装置，用户不需要携带多余的设备，对于方便程度或者鲁棒程度也有提升。但是从目前来看，裸手交互是一个伪需求。构成有效的交互的核心其实就只有一点：“反馈”。
3,国行主机欲接轨世界 VR游戏或是机遇,虽然VR正在经历所谓的资本寒冬，但这只是目前行业阶段的一个必须的洗牌过程，大量的软硬件团队还是继续投身于虚拟现实的内容领域，只待积累到一定程度即会全面爆发，而借着这股气流，中国的主机产业才能回到与世界同步的轨道上正常发展。
3,VR成假期季最大输家:销量预期被下调,黑色星期五与感恩节周末的销售数据陆续公布之后，许多分析师开始预测年末销售情况。调研公司NPD集团透露：今年PSN及Xbox Live上的数字促销力度很大，可能重创实体零售渠道。除此之外，数据调研公司SuperData认为VR的处境更为艰难，可能成为年末旺季中的最大输家。
3,倒闭VR公司直述:内容是VR发展最大障碍,价格太高、产品太少不是阻碍VR发展的主要原因，内容没有吸引力才是真正的关键。Virtuleap是一家创业公司，它帮助开发者向全世界展示自己的VR概念，该公司创始人Amir-Esmaeil Bozorgzadeh刊文称，VR最大的障碍在于缺少有吸引力的内容。
3,育碧宣布旗下VR游戏将支持跨平台体验,育碧刚刚宣布，虚拟现实游戏《Eagle Flight》将会支持不同平台的VR头显联机娱乐。这意味着拥有Oculus Rift或HTC Vive的PC玩家将可以跟PSVR头显用户一样开玩这款多人游戏。
3,Oculus联合创始人:最好的VR体验并非游戏,Oculus公司的联合创始人兼首席工程师Jack McCauley总结说道：“我们需要有更丰富并吸引人的内容，但我想说的是它不一定是游戏，体育赛事和音乐会的体验“可能是虚拟现实(VR)体验中最好的内容”。
3,Oculus Touch首发游戏将超过50款,备受期待的Oculus Touch手柄将于12月6日发售，售价199美元。但是光有硬件没有软件支撑的话，也没什么意义。好消息是，今日Oculus宣布将有50多款游戏支持Touch并将于下月同步上市。其实回望上一次Oculus宣布的消息，预计到今年年底前一共会有35款VR游戏支持Oculus Touch。不过看来厂商内容开发速度还是很快的，对玩家来说也无疑是个好消息。Oculus表示将于下周公布完整的50多个游戏名单。先来看一下目前已经确定的13款支持Oculus Touch的游戏：《Oculus Medium》 (Oculus Studios)《The Unspoken（不语者）》 (Insomniac Games)《Dead and Buried（长眠地下）》 (Oculus Studios)《Rock Band VR（摇滚乐队VR）》 (Harmonix)《VR Sports Challenge（VR运动挑战）》 (Sanzaru)《The Climb（攀爬）》 (Crytek)《Serious Sam VR: The Last Hope（英雄萨姆：最后的希望）》 (Croteam)《Pro Fishing Challenge VR（专业钓鱼挑战VR）》 (Opus)《I Expect You to Die（我希望你去死）》 (Schell Games)《Luna（露娜）》 (Funomena)《Giant Cop》 (Other Ocean)《Job Simulator（工作模拟）》 (Owlchemy Labs)《Fantastic Contraption（奇妙装置）》 (Northway Games)Oculus向外媒再次确认，这50多款VR游戏将于Touch上市的同一天上架，而不是像之前宣布的，要等到年底玩家才能玩到。目前Oculus Rift为了迎接黑五大促，降价100美元，感兴趣的玩家是时候买买买了。from：17173                             如若转载，请注明出处：http://www.gamelook.com.cn/2016/11/273516/
3,Oculus下月可运行微软Xbox海量游戏,日前，全球游戏领域的两个重量级玩家Oculus和微软实现了内容合作。从12月12日开始，Oculus公司Rift虚拟现实头盔的用户，将能够通过微软提供的APP，以流媒体方式运行Xbox One的海量游戏。
3,VR游戏收益不乐观 需解决时间和标准问题,资本的热捧把VR推到了风口，但如果说VR元年已经到来，恐怕还为时过早。戴上VR，就是另外一个世界，但是同样的，摘下VR的时候，还是不得不面对一个略显尴尬的现实情境：抛开技术实力本身，资本最终需要向“钱”看。虚拟现实已经投入了许多的资金，而它能否盈利就是投资者们最关心的事情。
3,细说“VR晕动症”现阶段必须攻克的难关,VR晕动症产生的原理与晕车类似。把你透过VR眼镜看到的画面想象成车前窗里的景色——当视觉所见和身体感知不一致时，晕动(晕车)就会发生。两者之间不同的是，晕船和晕车时车和船在动，玩VR时视觉画面则是虚拟出来的，玩家一不小心在客厅里也会吐的一塌糊涂。
3,虚拟现实浪潮来临 历史的车轮不可阻挡,据专家介绍，虚拟现实有可能彻底改变人们的沟通方式，它给社会带来的影响甚至足以与电话和互联网媲美。在不远的将来，人们很有可能在不同的虚拟现实场景中以化身的方式相互交流，日复一日、年复一年地穿梭于不同的虚拟世界。有的专家甚至认为，这场虚拟现实革命将加深人们对彼此的理解。
3,PSVR今年销量将超200万 Vive不足50万,"总部设在纽约的市场调研公司SuperData几个月来都在为VR产业撰写详细的报告。而其最新研究成果则预估出2016年底各家设备的累积销量，其中：Oculus Rift为355,088部；HTC Vive 为420,108部；谷歌Daydream为450,083部；PS VR为2,602,307部。而三星与Oculus合作的Gear VR为2,316,632部。"
3,异步空间扭曲技术让VR配置要求降低,其实为了解决 VR 游戏太吃硬件的问题，Oculus 公司也一直在想办法。他们首先提出的是一种名为 Asynchronous Timewarp（异步时间扭曲，以下简写为 ATW）的技术，但收效似乎并不明显。真正让他们决定降低 Oculus Rift 配置要求的，是最新提出的 Asynchronous Spacewarp（异步空间扭曲，以下简写为 ASW）技术。
3,微软:游戏才是HoloLens走近大众的敲门砖,虽然微软的HoloLens可用性正在逐渐提高，但其官方定位依然只是专注其开发功能，离消费产品还差的很远。但是开发者还在继续努力将HoloLens平台上的视频游戏开发提上议程，据微软产品市场总监Leila Martine说，其根本原因是，游戏才是获得公众注意力的敲门砖。
3,谷歌正式发布Daydream手机兼容标准,我们都知道全新的安卓系统Nougat将包括谷歌Daydream VR体验，并且对硬件和软件有相当高的要求，但是具体要求的参数却一直不得而知。但是在最新发布的“安卓7.0兼容性定义文档”详细列出了你的手机需要达到怎样的标准才能运行“高性能”VR模式。
3,今日正式发售:五方面解析谷歌Daydream,Daydream将会集中所有VR内容开发商的作品，无论这些内容是游戏也好，还是视频也罢，都无所谓，最终的目的就是为了方便玩家能够通过这个平台获取他们想要的东西。另外，尽管谷歌还有个入门级的VR头盔Cardboard，能够让玩家初步体验VR的有趣之处，但是这款产品的科技含量还不够高，而且在许多情况下，使用起来并不舒适。
3,瑞典VR智能机眼部追踪技术公司筹3亿元,【Gamelook专稿，转载请注明出处】Gamelook报道/最近，瑞典眼部追踪技术公司Tobii宣布计划投入到参与智能机和VR领域，并且正在寻求4亿瑞典克朗（5000万美元，3亿元人民币）的股权融资。Tobii成立于2001年，主要从事检测用户眼部的电脑以及智能机技术，以此决定他们在屏幕上看到的东西。该公司的技术已经被一些游戏领域的大厂使用，比如被Acer和Allienware制造的PC硬件，目前有40款左右的游戏支持眼部追踪技术，比如《The Division》、《刺客信条：辛迪加》、《杀出重围：人类分裂》以及《看门狗2》。在去年斯德哥尔摩证交所上市之前，Tobii就已经融资7000万美元（折合人民币4.7亿元），股价达到2.8美元，上个月峰值达到8.9美元，目前仍然稳定在7.8美元，几乎是上市价格的3倍。该公司计划5000万美元的进一步投资仍需要在即将举行的特别股东大会上获得通过。如果被通过的话，新的股权融资期限将从12月6日持续到12月20日。该公司表示将对技术和市场营销的拓展进行大量投资，尤其是VR领域和智能机领域的眼部追踪技术，而且该公司表示，这类消费者市场的眼部追踪技术需求比预期增长的更快。该公司CEO Henrik Eskilsson说，“在各种消费者应用领域对眼部追踪技术的需求增长超过了我们当时在2015年4月份IPO时候的预期。当时，我们觉得智能机和VR领域的眼部追踪技术需求还需要比现在更长的时间。当时筹集的5亿瑞典克朗可以满足我们当时的计划需求。但是，为了在新领域内取得领导地位，我们认为有必要扩大投入，为股东们创造更大的价值潜力”。有业内公司预计，AR/VR行业有望到2020年增至1500亿美元，Tobii希望可以快速发展，在投资、研发以及新的眼部追踪技术方面不落后于其他公司。实际上，此次的融资并不算意外，因为就在2周之前，谷歌刚刚把硅谷眼部追踪技术初创公司Eyefluence纳入麾下，这家公司也筹集了2000万美元用于同类技术的研发。如果再看其他公司，实际上也有不少已经开始为Facebook的Oculus硬件打造眼部追踪技术，日本的Fove公司开启了通过眼球运动玩游戏的VR头盔预购。有了5000万美元的资金支持，Tobii表将拥有更多的‘财务自由’，并且希望进行快速的并购行为，与此同时，该公司还透露已经于主流智能机制造商达成了一项交易，将其眼部追踪技术内置到其中一款智能机当中，不过Tobii并未透露更多细节。目前来看，除了价格制约因素之外，用户的佩戴舒适感也是影响更多人接受VR/AR的主要原因之一，除了沉重的头盔之外，玩游戏还需要有外设控制器的辅助，这对于绝大多数人来说都是不方便的，但眼部追踪技术的发展或许可以解决这类问题，带来更加便捷而舒适的AR/VR体验，当然，这还有很长的路要走。                             如若转载，请注明出处：http://www.gamelook.com.cn/2016/11/271266/
3,揭秘日本VR线下体验店:单人付费超200元,今年4月份的时候，万代南梦宫（以下简称BNE）在东京的台场购物广场中开了一家专做VR的线下体验店“VR ZONE Project i Can”（以下简称VRZONE），根据gamelook的了解，这家线下体验店在营业期间的日营业额大概在4~5万元左右，换算成日元的话大概在70万日元左右。
3,谷歌Daydream售价79美元 首发无中国,另外一项值得注意的消息，便是谷歌于会中正式宣布了VR装置“白日梦”。将会支援谷歌最新的像素等手机，建议售价为79美元（人民币约534元），正式发售日期为11月10日，首发地区为：美国、加拿大、英国、德国以及澳大利亚。
3,VR/AR混搭 或是苹果进入头盔市场入场券,蒂姆库克对于纯粹的VR并不感兴趣，不过当VR和AR结合时或许能产生其价值。类似于Gear VR和Daydream View，苹果的头盔需要和一个便携式设备相连接。Gear VR需要以来三星的Galaxy智能手机，而Daydream View目前只支持谷歌的Pixel系列，所以毫无疑问，苹果的头盔将会支持自家的苹果手机以及iPods。
3,Oculus预测5年VR发展：8K、交互和AVR,上个月初Oculus Connect大会上，O记的首席科学家Michael Abrash的Keynote题目是未来5年VR的发展，其中涉及到VR头显分辨率、空间音效、VR交互等等方面。相比于一般的野鸡专家，Abrash的预测还是值得大家一下的。
3,观点冲突: 手游和VR谁才是游戏的未来？,尽管 VR 游戏和智能移动游戏是不同的领域，有不同的发展轨迹，但现在却无法避免地发生了“资源争夺战”，对于厂商来说，市场的重心落在哪一边，顺应哪一种潮流能让自己面向未来时掌握主动权，无疑至关重要。眼下，游戏界正面临着从显示器游戏到 VR 领域的变革，业内巨头的带动让普罗大众们产生了一种感觉，认为游戏从显示器到 VR，就像游戏从 2D 到 3D 的变革一样，是必然的未来。
3,Unite洛杉矶峰会精彩回顾:从图形、平台再到VR,目前为止很多人都看过Adam电影短片。现在Adam的可执行文件已发布至Asset Store资源商店，同时我们也发布了角色、环境和 GFX资源包，大家可以前去下载并实时体验。关于改善图形并加大投入，我们在巴黎招募了一支才华横溢的技术团队，专门负责解决美术方面的棘手问题，如高级粒子、光照及摄影测量法等。
3,Vision VR/AR亚洲峰会 精彩内容抢先曝光,VR/AR的技术发展方向在哪里？VR/AR的全球发展现状如何？VR的硬件发展趋势？VRR/AR的技术发展方向在哪里？VR/AR的全球发展现状如何？VR的硬件发展趋势？VR/AR新领域的应用有哪些？人们带着疑惑，却满怀期待着新的一年。继2016年2月Vision VR/AR 全球峰会在美国洛杉矶成功召开后，Unity将在12月14-15日把Vision Vision VR/AR Summit 第一次带到太平洋彼岸的亚洲，全球最古老，却最具VR/AR创新活力的中国北京。
3,Unity将发布开源VR编辑器EditorVR,在之前的数月里，我们曾经多次地看到过Unity的VR内创作工具，可是并不知道它会在什么时候上市。在2016洛杉矶Unite 开发者会议上，Unity首席工程师Labs Amir Ebrahimi证实了VR内编辑工具将于12月份上市的消息，而首席设计师Timoni West则展示了这一工具。Unity日前在官方Twitter上宣布，2016年底将有测试性的EditorVR!这将是完全开源的，有着开放的应用程序界面。
3,研究调查:价格和晕动症是VR普及最大问题,虽然VR/AR产业在高速发展，但是要普及的话在目前看来还存在不少挑战。对开发者来说，这其中的障碍主要有哪些呢？从调查问卷来看，主办方很轻易的从大家的回答中挑了一些很普遍的回答。比如很多VR/AR领域的专家都很担心晕动症的问题会把一些可能对VR感兴趣的人群拒之门外。
3,关于微软VR新设备 你需要知道这七件事,在微软刚刚结束的发布会上，最抢眼的无疑是全新的Surface Studio一体台式机，但是微软同时还推出了自己在虚拟现实领域中的一个大动作：那就是一整套全新内置独立追踪传感器、售价低于299美元（约合人民币2027元）的虚拟现实头戴设备。
3,解答困惑 浅谈关于AR的五大误区,最近，因为微软和谷歌旗下的Niantic不断推出各自的AR(增强现实)眼镜，AR领域受到了大众和媒体的广泛关注。不过，关于增强现实，大众存在着很多困惑和误解。下面就谈谈群众经常会误解的5个认识：
3,中国VR市场:头显混战 线下体验店盛行,美国和中国这两个接受 VR 最快的市场，由于技术、经济和文化等因素的影响，在发展过程中呈现出明显的差异。美国技术为先，瞄准玩家群体；中国商业化步伐更快，从庙堂到江湖几乎都在谈论 VR。本文以美国为参照物，侧重描写中国 VR 市场三个显而易见的特点。
3,拒绝手柄 未来或直接用双手进行VR游戏,除了手势控制弊端之外，对于虚拟现实最尴尬的事情之一莫过于你看不见自己的手。当你戴上虚拟现实设备之后，你置身于一个看似无比真实的世界，让你感到身临其境，但当你伸手试图抓取眼前某物或是想够到某物的时候，那里确实什么都不存在，这就瞬间将营造的气氛给打破了。
3,研究调查：VR/AR的潜在竞争对手分析,VR领域的Oculus、HTC、索尼、三星和谷歌，以及AR领域的微软Magic Leap、Meta和ODG都宣称自己的产品是最好的。实际上，他们最大的对手并不是同行。
3,PMGO之后 AR的下一个爆款何时到来？,据国外媒体报道，今年年中，增强现实手机游戏《Pokemon GO》风靡全球，这款以皮卡丘等为游戏主角的手机游戏每天营收甚至达到了1000万美元。业界对于增强现实的作用越来越重视，很多研发部门开始寻求增强现实新的发展方向。
3,Oculus坚信独占游戏将推动VR产业发展,我们在这个月初看到了一系列的Oculus Touch游戏，Oculus资助了大部分的游戏，或帮助其在Oculus Home发行（又或者两者都是）。相应，这些游戏也会成为Rift和Touch的独占游戏。虽然这种做法在过去引起了游戏社区的不满，但Oculus内容部门总监仍然坚信这是推动VR市场发展的正确做法。
3,福布斯:除了价格 VR普及还面临这8大问题,美国《福布斯》杂志撰稿人埃里克·凯恩（Erik Kain）近日撰文指出，虚拟现实（VR）无疑是当下科技界最受关注的话题之一，但这种技术在普及过程中却面临着诸多挑战。除了价格奇高，VR还存在缺乏内容、引起恶心和头疼等其他八个障碍。
3,PSVR登顶日本硬件榜 首周销量超5万台,"Media Create在今天公布了最新一周的日本地区销量信息，与之前很多人预测的结果一样，PSVR在首周销量非常抢眼。第一周PSVR在日本总计卖出了51,644台，如果把这个数字与其他主机硬件进行比较，PSVR也一样可以登顶硬件销量排行榜的榜首，超越了PS4和3DS。"
3,游戏设计师如何巧妙地规避VR晕动症,"晕动症一直是困扰虚拟现实的难点所在,最常见于第一人称射击游戏和行走游戏,玩家会发现真实身体与虚拟身体之间存在严重的偏差。在游戏中移动太快也会造成胃部产生不良的反应。而玩一款虚拟现实游戏可能会让你撞上一堵墙或咖啡桌。VR游戏的开发人员对此也非常清楚,他们正开始通过与众不同的方式来解决这些问题。"
3,福布斯：盘点VR改变世界的5种方式,据外媒报道，随着索尼平价VR产品PS VR的发布和Oculus进军社交领域，我们正经历一个前所未有的时代，VR将改变我们生活工作和娱乐的方方面面。同时，它还会在深度和广度上影响工业、医疗、教育、娱乐和商贸产业的发展。而我们从宣传语中获取的所谓沉浸式和超现实的体验只是VR改变世界的一种方式而已。
3,现实很骨感:今年美国人仅6%会买VR头盔,被过分追捧是对虚拟现实的诅咒，尽管业内此前对于VR头盔的热情很高，但据市场分析调研公司Strategy Analytics的一份预测报告显示，2016年仅有6%的美国人会拥有VR头戴设备。而且在这一小部分用户当中，93%的都只是购买与智能机配套的低配版本，仅有1%的人会购买昂贵的头盔，比如Oculus Rift和HTC Vive。
3,唯晶科技携2款VR游戏角逐2016金翎奖,唯晶科技今日正式确认，携旗下《揭秘计划》Unearthing Mars与《烈马狂歌：三国VR》The Hero’ Path: Three Kingdoms VR角逐2016金翎奖『玩家最期待的主机/PC端VR游戏』奖项。
3,逃离幻想 脱离炒作期的VR仍任重道远,VR在这空前的投入和大肆炒作之下，出现了不安和不确定性。Gartner已经将VR纳入其技术炒作周期报告之中，指出VR技术刚从泡沫化的底谷期挣扎出来。这段时期被形容为，随着“实验和应用不能达到预期”，人们的兴趣正在不断减少。技术的提供者们在这个过程中有胜利者也有失败者，但只有当幸存的提供者不断改进他们的产品，让早期普及这满意，投资才会继续。
3,PSVR首发:出货不足6千台 分销商坐地起价,随着今天PSVR在全球同步首发，Oculus Rift以及HTC Vive这三大消费者版VR头显已经相继亮相，而大众和社会对VR的关注和期待被抬升到了新的高度。为了庆祝国行版本的发布，索尼今天也在旗下直营店举办了首发活动并召开了中国首发会。对此我们也从多个角度来回顾PSVR在中国市场的第一枪。
3,Facebook挖角EA副总裁 负责VR社交团队,Facebook已挖来美国艺电公司（EA）副总裁蕾切尔·弗兰克林（Rachel Rubin Franklin）为Facebook社交虚拟现实（VR）团队新的负责人。上周，Facebook CEO马克·扎克伯格（Mark Zuckerberg）展示了好友如何共同在虚拟现实环境中展开探索。弗兰克林未来将把这样的体验带给用户。
3,谷歌高层解读DaydreamVR背后五大秘密,谷歌在10月5日的“谷歌制造”大会上带来了自己的移动端VR头显Daydream View，它将成为Gear VR强有力的竞争对手。那么，围绕着这台头盔背后到底有什么秘密？谷歌的VR负责人Clay Bavor（就是在大会上介绍Daydream并且讲着讲着把控制器摔到地上很尴尬的那哥们），从五个方面为我们进行解密！
3,Oculus CEO畅谈Oculus未来七个发展变化,Oculus在上周举行的Connect大会上公布了大量跟VR有关的信息。其研究部门亮出了全新的一体化头显；母公司Facebook则展示了一些新的社交功能；Oculus降低了Rift头显的最低规格标准，新算法把PC成本直砍数百美元（不过仍需不少的投入）。然后，Oculus首席科学家Michael Abrash来详细描述了2021年VR头显的功能。
3,Oculus将投1000万美元推动VR生态发展,在圣何塞举行的Oculus Connect大会上，Oculus的多样性项目总监Ebony Peay Ramirez表示：“只有当虚拟现实成为一个能代表不同人群和不同意见的多元化生态系统时，它才能获得成功。我们希望听到各种各样的声音。我们知道，一个建立于多元思想、个性、观点和想象力基础的平台更具吸引力和生命力。”
3,直奔消费者的巨额投资或遏制AR/VR发展,投资者认为VR和AR可能是下一个iPhone，但这反而会影响这两项科技的发展。如果你希望打造一项可以改变世界的产品，iPhone或许是一个明显的成功模型。在2016年，可能会改变世界的技术突破之一是VR和AR。但我们有足够的理由可以相信iPhone的例子可能会伤害到VR和AR的发展。
3,Juniper预计2021年VR硬件市场500亿美元,虽然Oculus Rift、Vive和PSVR还没有获得巨大成功，但分析师们似乎对于虚拟现实的热情仍旧不减。在上周发布的一份白皮书中，Juniper Research预计，包括VR头盔、外设和360度摄像头在内的VR硬件市场有望在2021年超过500亿美元规模。当然，500亿美元并不是对VR行业预测最大的数字，但仍然听起来有些虚张声势。今年8月份的时候，IDC预计全球硬件和软件市场规模在2020年达到1620亿美元，不过该公司认为AR将占据最大的市场份额，硬件将占据半数收入，不过，IDC并未对这个预测数字进行详细拆解，而Juniper则把这个时间往后延迟了一年。
3,最低配下降:但完整VR体验仍要9000元以上,上周末，Oculus举行了第三次Connect大会，值得注意的除了创始人Palmer Luckey缺席开幕式以及最低支持VR的PC配置降级之外，该公司还公布了新的硬件和游戏，但对于最低体验价格的下降，我们或许不应该过早地下结论。对于VR用户来说，体验真正的虚拟现实，最低要求也得是全房间移动、操作感舒适（佩戴感暂时不提），那么该公司推出的配套外设以及Touch手柄都是必不可少的，因为在之前的用户反馈中，原地体验的局限性以及主机手柄不能和VR体验无缝衔接的问题一直存在。如果加上这些，即便是最低配的PC要求降低了，消费者仍需1400美元左右（人民币9300元以上）才能获得完整版的Oculus VR体验。
3,Oculus开发者大会汇总: VR一体机曝光,VR界的大事，Oculus Connect开发者大会正在进行当中，在今天的开幕演讲上，Oculus公布了一系列的新动作，包括硬件、软件和内容。下面就来盘点一下大会的重要信息。
3,2020年用户VR娱乐内容支出将达33亿美元,来自各大手机厂商的大力促销以及高端的智能手机VR解决方案，比如谷歌的Daydream View，将有助于推动VR头盔的用户基数，从2015年的400万上升到2020年的8100万。同年，消费者在VR头盔的支出也将达到79亿美元，而VR娱乐内容支出将达到33亿美元。
3,IP授权是VR/AR面临的最大法律风险之一,在被问及AR/VR技术和内容发展所面临的最大法律风险时，19%的人选择了技术和IP授权。科技公司认为这两者是“最具风险”的挑战。有15%的受访者认为围绕消费者隐私和数据安全的法律风险会困扰AR/VR技术的发展。另外，从这份报告了解到，其他关于现实世界和虚拟世界的法律风险包括IP注意事项和产品责任。另外，25%的受访者认为现在关于IP和数据隐私的法律限制很多，而27%的受访者表示，在AR/VR产业中谈判授权条款和IP权利时存在困难。
3,SuperData：PSVR今年销量将达260万台,根据预测，尽管PSVR将于今年10月才推出，但其销量将碾压其他同类产品。SuperData指出，这一乐观销售情景基于索尼当前的PS4用户群——根据索尼财报，目前PS4的玩家已超过4000万，意味着可能有6％左右的主机用户会在年内选择购入PSVR。从市场份额来看，SuperData预计HTC Vive和Oculus同期的销售量分别为420108和355088台。
3,"腾讯王波：VR现在是资本冬天,产业春天","9月23日，由腾讯公司主办的全球合作伙伴大会今天在福州召开，在23日上午的VR分论坛现场，腾讯公司副总裁王波做了主题发言，在发言中，王波旗帜宣明的批评了VR行业中的一些怪现象，表达了腾讯公司的态度：“VR现在是资本冬天,产业春天，炒作冬天,实干的春天。”"
3,IDG资本:长期看好VR/AR 资本寒冬是假象,9月23日，由腾讯公司主办的全球合作伙伴大会今天在福州召开，在23日上午的VR分论坛现场，IDG资本董事总经理做了主题演讲，分享了他对VR、AR投资的看法。
3,观点:VR热呼声大于实际 有投资泡沫,VR是目前业内最大也最令人兴奋的事情，不管它究竟是不是泡沫，但真相比我们看到的消息往往更为复杂，在刚刚过去的TGS展会上，索尼、Capcom等公司的展台人满为患，现场体验VR的热情持续高涨。VR泡沫破裂的时候，会带来很多方面的伤害，这会让所有和游戏相关的公司都难以拿到风投资金，至少在几年内都持续有负面影响；会让一些工作室关门大吉，让其他工作室被迫缩小规模；还可能会让消费者们对这个市场的信心产生怀疑，但VR并不只是一时的潮流，只是成为规模市场之前，还有很长的路要走。。
3,沈黎:腾讯互娱在VR游戏研发领域的探索,9月23日，由腾讯公司主办的全球合作伙伴大会今天在福州召开，在23日上午的VR分论坛现场，腾讯互娱研发部副总经理沈黎分享了腾讯在VR游戏方面的经验，同时谈到了腾讯游戏未来的平台计划。
3,Niantic老总:VR让人孤立 AR更有趣有前途,“我认为增强现实会更有趣更有前途，无论是从技术、现实还是人性的角度。”汉克在播客节目中说道，“在VR环境中，你是与周遭环境中的其他人隔绝开的，并进入到一个完全虚拟的空间中。AR的技术目的则是增加，强化外出、与他人社交、购物、游戏以及娱乐等普通的人类行为。AR可以让人类将所有这些事做得更好。”
3,亚洲VR市场5年内将扩张至100亿美元,SuperData调研总监兼VR/AR策略主管斯蒂芬妮·拉玛斯（Stephanie Llamas）日前发表了一份报告，介绍了目前中国各大企业对这一新兴产业的投资形势：2016年，消费级VR硬件上市的第一年内，销售总额预计超过23亿美元；到2020年，全球市场规模将达400亿美元。
3,2年卖出十几万套VR眼镜:VR创业者的秘辛,明天腾讯年度合作伙伴大会即将在福州举行，今天gamelook先期抵达，凑巧的是与笔者同屋的是一位在VR领域探索了2年的创业者、上海心游VR创始人顾信宏（花名：顾小逗），很有意思的是顾小逗2年来卖出了十几万套VR眼镜，同时他的团队开开设了淘宝店专事从事VR硬件、配件的销售，且他们还运营这自己的VR体验店、乃至加盟店，做过有关VR事情之多、之丰富也堪称奇葩，而很幸运的是他在2年的时间内实打实的赚到了钱。就着今年的VR热度，我们向其了解到了VR行业各个领域的实际情况。
3,扩张用户基础 Oculus接入Facebook用户群,有想过戴上VR头显后就能与朋友一起漫步于虚拟世界中吗？没有吗？其实我也没有想过。但Oculus似乎已经为实现这一点而迈出了重要一步。Oculus Rift的软件更新现在已经支持Facebook登录功能。虽然这并不是强制使用，但应用该功能的玩家会发现用户名会立即换成他们在Facebook上的名字。
3,保护消费者权益 VR相关法律应完善,作为游戏专用设备，Wii、Kinect、PlayStation Move等相继被引入市场，游戏也从过去的坐在沙发上就能玩，逐渐变成需要身体动起来才能进行。这种变化也带来了迄今为止游戏业界从未遇见过的法律问题。能让用户融入到其他世界的VR，其对用户造成的负面影响渐渐浮出书面。
3,VR/AR遇困境:贵不是问题 没内容才致命,在对目前VR/AR行业发展所遇到挑战的调查中，大部分从业人员并不认为目前设备昂贵、分众市场依然属于小众是问题，反而，对于他们来说，困扰VR/AR行业的问题是“没有优质的内容、价格限制了用户体验从而影响了下一年的VR/AR设备的近一步普及。”
3,8月份VR内容全球总数已超1000款,截止到8月底，Steam上VR内容总数为477，Oculus Home内容总数（包括Gear VR）为443，Viveport上内容总数为175。我们可以通过上图看出，Steam平台的内容增速最快，8月份各自的增长率分别是Steam 28%，Viveport 26%，Oculus Home 13%。
3,投入3000万美元:CCP称VR游戏还要等3年,虚拟现实游戏市场对于大多数开发商来说仍然太小，并不足以带来重大利润，不过，在投入了接近3000万美元的投资之后，CCP Games认为该公司‘正在走向收支平衡’。该公司CEO Hilmar Petursson说，“我觉得要把这个概念推向全球还需要一年的时间，我不认为在2018或者2019年之前事情会有太大的变化，至少我们是这么看的，我们所做的决定也都是基于这个观点。如果事情发生的更快，那非常不错，但我们只是确保最保守的情况下度过前三年，尽管，我们有足够的资金可以投入。”
3,工信部发布VR白皮书:价格昂贵 可用性差,报告指出，虚拟现实产业处于爆发前夕，即将进入持续高速发展的窗口期。互联网研究机构艾瑞咨询公布的数据显示，2015年中国虚拟现实行业市场规模为15.4亿元，预计2016年将达到56.6亿元，2020年国内市场规模预计将超过550亿元。
3,VR内容的“春天”为何还没到来？,据消息，截止到8月底，Steam平台上的VR内容总数为477，Oculus Home内容总数(包括Gear VR)为443，Viveport上内容总数为175，除Oculus Home以13%的增速居于末尾之外，Steam与Viveport的内容数量增速皆超过20%，分别为28%与26%。目前，这些主流虚拟现实内容平台的内容总数已经达到1095款(没有去重)，预计今年底能达到3000款。
3,台湾游戏市场规模破百亿 VR产业日趋热门,据调查指出，2015 年的台湾游戏市场规模预测 2015 年到 2019 年会从 420 亿元(新台币，下同)爬升至 530 亿元。李易鸿说明，市场规模指的是所有台湾玩家消费金额总和;游戏又分成四个主要平台，计算机在线游戏、计算机网页游戏、电玩主机游戏(包含家用主机与掌机)和智能型手机游戏，同时排除计算机单机游戏以及智能平板游戏。
3,Oculus创始人回应“VR用户停滞”论:不靠谱,上周，国外著名科技媒体Venturebeat发布了一篇“VR用户增长停滞”论调的文章，随后国内外多家媒体转发摘编了这篇文章的观点。今天凌晨，Oculus创始人Palmer Luckey回应了该说法并表示非常不靠谱。
3,Bitmovin获1030万美元融资 致力VR视频,现在，VR 视频的“ 单眼 8K 分辨率”、“ 立体渲染” 和“ 光场成像” 等各种次世代显示技术已经成为了几乎所有科技媒体都关注的焦点。然而讽刺的是，对于大多数人而言，想要用手机上网看个视频都还得等上或长或短的一段缓冲。想要享受更优质的 VR 视频观感，首先还得解决流媒体的传输痛点。
3,外媒:不用再插线了 HTC Vive或推无线版本,各类VR设备的不断推新、改进着，这不有消息传出，HTC Vive 无线版本的原型，预定今年秋季将会展开测试。保加利亚厂商 Quark VR 上周也透露，他们正与 Valve 合作制作虚拟现实头盔HTC Vive无线版本的原型。消息来源是外媒VRFocus收到了一封Quark VR的订阅邮件，制作Quark VR的Intugame公司在官网上提及了此事。
3,苹果索尼发布会“撞车” VR/AR将成发力点?,，美国当地时间9月7日上午10点，苹果首席执行官蒂姆·库克将走进位于旧金山的比尔·格雷厄姆市政礼堂，向全世界发布新一代iPhone。而两个小时后，即差不多在苹果发布会结束之时，索尼也将在纽约PlayStation Theater举行PlayStation Meeting，据说将发布新一代主机PlayStation 4 Neo。
3,MOBA或将成推动VR游戏发展的核心动力,随着热度的冷却，目前业内对于当前以及未来vr游戏的发展已出现了一些更为理智的看法，譬如——有人认为未来vr游戏领域将不会出现，同时也不需要出现什么统治级的vr游戏来推动整个vr游戏领域的发展，这将是一个随着各种新兴vr游戏理念逐步补全，潜移默化循序渐进的自然演进过程;也有人认为目前vr游戏之所以未能成为人们期待中的“爆点”，关键在于VR技术与设备还处于不成熟的初级阶段，以至于vr游戏乃至整个VR行业缺乏彻底“颠覆”传统世界的坚实物质基础
3,TIGA数据：VR是增长最快的新游戏类别,这份最新收集的数据向人们揭示，VR是增长最快的产业，现在已经有20家工作室正专门从事于VR的研究。“虽然它只占到公司总数的很小比例（2%），但这个比例已经等同于MMOG游戏公司（大型多人线上游戏）在公司总数中所占的比例了，不过，MMOG公司聘用的开发人员比VR工作室要多得多（分别为727和245）。”
3,Oculus:推迟Touch上市是为更多适配内容,Oculus内容部门的总监表示，我们想给开发者足够的时间来创作发售的首发游戏，一系列可以让人一直玩几个小时，而不是只有几分钟的游戏。而我们认为这需要时间。所以，主要并不是为了对硬件进行微调，我们只是想给软件的开发多一点时间而已。因此，在开发者继续在软件端努力的同时，Oculus也决定利用这段时间来优化Touch的设计，改善其人体工学设计和性能表现。
3,小岛秀夫成VR公司顾问 携手库珀进军VR,8月26日消息，小岛秀夫近日成为一家专门研究虚拟现实和增强现实项目的公司Prologue Immersive的顾问委员会成员。这位《合金装备》（Metal Gear Solid）之父将与Prologue Immersive的联合创始人兼首席执行官金伯利·库珀（Kimberly Cooper）以及老朋友凯勒·库珀（Kyle Cooper）合作，协助这家公司探索VR的各种可能性。
3,暴风半年营收4.95亿 暴风魔镜MAU147万,8月25日消息，暴风集团公布了2016年上半年财报。财报显示，2016年上半年，暴风集团营业收入4.95亿元，较去年同期增长128.64%；归属上市公司股东净利润1886万元，较去年同期增长181.57%。
3,48.6%开发者更青睐HTC Vive平台开发软件,在HTC Vive与Oculus 永无止境地互相比较中，这一局，HTC Vive赢了：据VR虚拟现实发展论坛(VRDC)在今天发布的《VR/AR创新性报告》，VR开发商们更喜欢针对HTC Vive平台进行软件开发。据Uploadvr，这个报告共调查了VR业内超过500个专业人士，尽管这个样本数依然无法代表整个行业，也多少反应了一点目前VR业内的趋势与偏好。
3,龙与地下城总监:为何RPG游戏和AR更相配,代入感是传统 RPG 游戏设计中很重要的一个概念，现在我们已经知道 VR 能实现虚拟世界更深层的“ 角色代入”，但如果想要把真实世界过一把幻想 RPG 游戏的瘾，AR 技术则是更好的选择。在近日举办的 2016GamesBeat 大会上，Dungeons&Dragons 的总监 Nathan Stewart 谈到了像 Wizard of the Coast 这样的 RPG 游戏要如何利用 AR 实现。
3,gumi联手韩国YJM成立VR游戏公司SVS,近年来，随着VR相关话题越来越火，不少游戏厂商也开始投入了这一领域。8月22日消息，日本手游厂商gumi在其官网发布公告称，联手韩国游戏厂商YJM GAMES合资成立VR游戏公司Seoul VR Startups，新公司预计将于今年的9月正式成立，之后将在韩国市场开展VR相关业务。
3,Oculus回应ZeniMax“剽窃”指控：法庭见,游戏发行商 ZenIMAX Media 对 Oculus 的起诉案件从去年到今年还在继续，可谓旷日持久。Zenimax 宣称其知识产权被 Oculus 公司用于改进 Oculus Rift 头显。现在，事件有了新的进展。昨天晚上，Zenimax 发起了新的诉讼，指控 Oculus 不仅非法获取了 Zenimax 的技术和研究成果，同时伪造了一个故事让人们认为 Oculus Rift 的是 Palmer Luckey 一手打造的。
3,Oculus认为谷歌Daydream难超越GearVR,尽管绝大部分人对Daydream平台持积极的态度，但是米切尔却不这么认为。当有人问到Gear VR将如何适应Daydream出来之后的新格局，米切尔的回应是：“我认为真正的问题是Daydream要如何与Gear VR竞争。”
3,HTC高级副总裁:VR如何成为下个计算平台,HTC 将在今秋推出全新的 VR 专用全球应用商店 Viveport。此举主要是为了让开发人员更好地和消费者建立长期稳定的联系，同时也是希望 VR 能够得到更多用户的支持。据了解，Viveport 平台将分别在 PC 端和移动端上线，同时也能在网页以及 Vive 头显上显示，该平台预计的盈利方式包括付费下载、应用内购买、订购等等。HTC 希望通过 Viveport 提供教育、设计、艺术、社交、视频、音乐、体育、医疗、时尚、旅游、新闻、购物、创意工具等方面的体验，应用数量与类型也在不断增多，从而让更多的人接触到 VR，实现学习、旅游的无限可能。前任 Google 移动及社交推广全球市场总监 Rikard Steiber 目前任职 HTC 虚拟现实高级副总裁，主要管理全球 Viveport VR 应用商店业务，同时也兼任 Vive X 加速器项目中各个公司的导师。近日他在接受媒体采访时谈论了 VR 能够成为下一个计算平台的原因。为什么 HTC 希望致力于游戏以外的业务布局？我们相信 VR 是一项改变世界，改变消费者和各行各业的技术。我认为最初 VR 内容肯定会专注于游戏和娱乐方面，目前我们看到的也是如此。但我们想做的是让其他领域的开发和创新人员能够把商业化内容带向世界，帮助他们开展业务。此外，我们还想知道我们要如何与 VR 世界进行互动。Viveport 就是这些问题的答案，它能为企业用户提供一个好的平台，他们能够找到内容，也能找到新的用法，也有利于向所有人推广 VR。商业应用上 VR 有什么好的机会？VR 的革命性之处在于，不管是教师、艺术家、医生还是工程师，所有人第一次带上头显就会产生一种全新的体验。他们事后也许会突然想到，“VR 能辅助我教授医疗课程，这样风险较小”，或是“ 我能利用 VR 技术和在复杂的工程上更好地工作”，又或是“VR 能让孩子们学习效率明显提高”。虽然我们不可能熟悉平台里所有的 VR 应用，但能感受到他们说起 VR 时的兴奋感，因为它在几乎任何产业上都能找到合适的应用方式。我们知道，任何一种新的计算平台在初始阶段主要都是游戏和娱乐产业，个人电脑、网页及移动互联网的兴起同样如此；但游戏显然无法担起把一种计算平台发扬光大的重任。目前 VR 还是早期用户为主，但终有一天它能带来教育、创意、软件、社交媒体、视频及品牌商务等方方面面的体验。当 VR 成为主流媒体之后，这些设想都会实现。哪种非游戏类 VR 应用是您最喜欢，也最希望它能有更多的内容加入？我有两个女儿，分别是 6 岁和 10 岁。作为父母，我们希望让她们开开心心地学习，喜欢去学校，喜欢学习新的知识。如果能有一种沉浸式体验，让她们在侏罗纪公园里近距离观察各种恐龙，老师们也能从此教授她们霸王龙和剑龙的相关知识，她们将不会忘记这次体验。而如果她们能够因此对这些内容产生兴趣，那么 VR 在教育领域的影响力就会大大提高。您如何评估当前的全球 VR 市场？创新是市场发展的巨大推力，从这点上看我认为美国市场相当繁盛，日本和中国市场也很好。其实不管何处，都会有不同的创意涌现。我们希望 HTC Vive 能改变目前用户难以直接找到优秀内容的局面。作为行业领袖，HTC Vive 目前有哪些发展计划？我们主要想帮助品牌以及开发和创意人员为自己的 VR 产品找到合适的用户，顺利开展业务。同时，我们也重点关注用户体验，希望能够保证体验质量。比如说什么房间可以自由出入，如何和物品进行互动等等。此外，我们也希望让更多的人接触到 VR 体验。所以我们主要做的就是两点：保证内容质量，同时让更多的人接触到 VR。企业品牌应该怎样应用 VR 技术？现在各大企业品牌都在做内容营销。我认为 VR 是一次很好的创新机会。当电脑、网络、甚至移动网络出现的时候，不少企业都持怀疑态度，但现在所有人都依赖于电脑和互联网。对企业来说，VR 不仅能促进和消费者的交流，更能增进公司内部的合作：VR+培训。员工之间也能尝试很多以前无法实现的合作方式。对品牌来说，VR 具有特别重要的三个优势。首先，它是目前沉浸度最高的品牌体验方式。第二，VR 极高的互动性能让观众更好地记住品牌信息。观看 VR 视频比平面广告以及目前其他广告手段令人印象更深。第三，如果消费者能拿到货架上的商品，就很有可能购买；即使只是在虚拟世界拿到商品。品牌可以通过 VR 技术拉近产品和消费者的关系，最终促进交易成功。来源：粹客网                             如若转载，请注明出处：http://www.gamelook.com.cn/2016/08/263211/
3,FB在下更大一盘棋 VR野心不止是Oculus,VR的诞生已经有几十年的历史了，但VR第一次走进大家的视野，或许要归功于Facebook。2014年，Facebook斥资20亿美元收购VR创业公司Oculus。Oculus是早期的VR设备厂商，Facebook CEO在内部邮件中解释了收购Oculus的原因：“这确实是一种全新的通信平台。通过身临其境的感觉，你可以与人们分享生活中的空间与体验，而且不仅仅局限于与好友在线分享，还可以分享整个体验与感觉。”
3,扎克伯格或后悔20亿美元收购Oculus,自己开发或是直接购买？这是一个老掉牙的商业问题，但如果购买价高达数十亿美元，那么或许这是Facebook的马克·扎克伯格必须回答的问题。这家社交网络巨头的创始人及执行总监在近日表示，Facebook或许宁愿打造自己的虚拟现实解决方案，而不是花费20亿美元的价格去收购Oculus VR。
3,VR游戏难出精品 除了没钱还差什么?,现在三大头显中之二已经上市，最后一个PS VR也会在十月份与消费者见面，消费者对内容的需求越来越强烈，能给消费者带来实质性体验的内容中，最被业界看好、大有可为的VR游戏却始终不见经典大作出现，问题究竟出在哪里?
3,微软宣布[我的世界]已正式支持Oculus Rift,如果你有一台Oculus Rift，并且想在上面玩《我的世界》的话，那么这个机会已经来了。微软正式宣布，通过Windows 10版《我的世界》的免费更新，这款热门沙盒游戏将正式支持Oculus Rift的VR体验，同时《我的世界》也是Oculus Rift上最受期待的一款游戏之一
3,这五种VR游戏或将在未来几年成热点,有一类VR游戏确实跳脱了传统框架之外，探索了VR能力极限并且带给用户们头脑风暴般的体验。另一类则更需要VR头显的使用。行业对这两类游戏无疑都做了很长的实验和摸索，而在这两种越来越成熟的游戏模式之下，更多的好游戏也必然应运而生，现在就让小编带大家一起看一下有哪些走在前沿或可能在未来几年大热的VR游戏类型吧。
3,明年AR或将逐渐成熟并代替VR主导市场,据Digi-Capital最近的一份报告，AR/VR市场在2020年预计将创造共1200亿美元的市场总额，其中AR将占据其中的大份额达到900亿美元，剩下300亿美元留给VR。据Eric Mizufuka，尽管他认为2016年可以算作VR元年，但是2016年之后，我们将逐渐向AR技术过渡，最终AR将占据市场的主导位置。
3,Unity高管:现在是决定VR成功与否的关键时刻,在今年的GDC上，Unity Technologies曾放出了一个名为“Adam”的最新Unity引擎演示DEMO，画面效果令人惊叹。火爆全球的《Pokémon Go》也是采用了Unity的引擎开发，最近这家公司又获得了1.81亿美元的融资，为此，Gamelook专程采访了Unity公司的CMO Clive Downie以及Unity Labs 的VP Sylvio Drouin，他们对该公司的技术发展方向以及中国策略进行了解答。
3,VR/AR市场尚未成熟 两者各有生存之道,据研调机构预估，从低阶的Cardboard到高阶的HoloLens，VR、AR装置用户数可能得要到2018年才有机会破亿，因此要如何在市场规模壮大的过程中不被淘汰出局，也考验着小型新创公司的能耐。TechCrunch网站就整理出目前业者在VR、AR市场上度过这段黯淡时期的生存之道。
3,Valve将开放HTC Vive最核心技术,根据 roadtovr 刚刚贴出的爆料，Valve 方面宣布将会把 Lighthouse 追踪技术（以下也称 灯塔技术）开放授权给第三方，这样方便帮助开发者研发虚拟现实头盔相关的可追踪控制器、以及其他头显外设等。谁都可以制作“HTC Vive”？根据官方的介绍，使用技术授权者要先支付 2975 美元参加指定的官方培训，当然后续无需再支付任何其他的版权费用。这具体是什么意思？就是灯塔及相关技术仍然属于 Valve ，但是 VR 头显厂商、第三方厂商可以开发搭配灯塔技术的外设了（比如在第三方头显上边布满可以接收灯塔信号的标记点、开放适配基站的 VR 控制器）。Valve 方面也表示公司目前还不能允许第三方公司来研制定位基站，而基站就是放在房间两个对角线用来发射激光的黑盒子。这种考虑不无道理，Valve 官方也表示先要放开看有没有兼容问题。通过这套标准，一些厂商不仅可以开发基于 Lighthouse 技术的控制器，联系到那些研发 VR 枪、VR 方向盘等一系列的厂商都可以开始利用这项技术。一些公司甚至可以脑洞更大一些，让定位技术走入机器人、无人机等其他领域。关于整个开放事件，恐怕最受关注的就是那个排除万难，力推 Vive 的 HTC 了。一些市面上的分析认为，这对于 HTC Vive 产生了一定影响——HTC 和 Valve 搞出最强 VR 头盔其实最核心的就在于那个非常精准、且性价比极高的定位技术。对于这个问题 HTC Vive 官方没有正面回答，中国区总经理汪丛青给予的回复是，“是 Valve 和 HTC 开放了相关配件和外设。”The tech Valve and HTC is opening is related to accessories and peripherals. We are not supporting HMD design. 两者关系发生了怎样的变化？HTC 和 Valve 共同推出了 Vive 头显，Valve 提供了最核心的定位技术，HTC 负责头显等外部设计。所以当 Valve 决定开放这项最核心的技术时，这背后的意义可能就更值得挖掘：或许那些做 VR 头显的厂商都可以开始大范围入场了，毕竟只要遵循一定的标准制造头显外设、控制器就可以使用这套非常先进的 VR 定位技术，实现商业化。相信马上会出现一大波使用 Valve 技术的产品。而随着越来越多的厂商都开始使用这套技术，Valve 自己的 Steam VR 平台即将成为 VR 内容的核心平台，Valve 成为最终赢家就像 PC 时代一样。HTC Vive 方面则要想对策持续提升产品的竞争力。联系到 HTC Vive 此前一直在布局 VR 平台，推出自己的商店 Viveport，创建一系列的基金会促进内容推出，HTC Vive 方面可能在很早之前就开始布局，Valve 方面早就知会过了。提供了核心技术的 Steam 的 Logo 却从未出现在 HTC Vive 的设备上。从建立之初，Valve 只想做一个游戏平台，通过一家厂商帮助自己成为 VR 领域的核心。之前 Oculus 没谈拢，谈来了 HTC。关于 HTC 和 Valve 之间怎样的关系仍然需要持续挖掘。不过上边也并非断言，毕竟这个市场变换太快。from：爱范儿                             如若转载，请注明出处：http://www.gamelook.com.cn/2016/08/261986/
3,HTC VR商店全球上线 应用已超100款,日前举办的VRLA虚拟现实博览会上，HTC正式宣布将在全球范围内上线虚拟现实应用商店VIVEPORT，其中开发者测试版本会率先亮相，秋季正式推出针对全球用户的消费者版本。
