title,create_time,link,content,source,funding_round
全国政协常委张连起谈个税改革：月薪1万元左右基本不用交税,2019-03-10 09:39:25,https://www.thepaper.cn/newsDetail_forward_3106571,今年1月1日起，新个税法全面实行，六项专项附加扣除，可以在税前予以扣除。全国政协常委、中国税务学会副会长张连起在“委员讲堂”上表示：“这次改革之后我算了一下，基本减除5000元后，有6000多万免交税，再加上六项专项附加扣除，月薪在10000元左右的基本不用交税了。”（澎湃）,36Kr,未透露
人大代表：高铁手机信号弱有待改进，应免费覆盖WiFi,2019-03-10 09:34:39,https://www.thepaper.cn/newsDetail_forward_3106362,今年全国“两会”期间，全国人大代表、民革吉林省委副主委郭乃硕向大会提交了“关于切实提高高铁配套服务质量的建议”。郭乃硕在建议中列举道，一是高铁上手机信号弱问题，二是高铁WiFi不能全面覆盖问题，三是自动检票机有待改进问题，四是票价偏高问题，五是饮食、医务、服务态度等相关问题。（澎湃）,澎湃,未透露
国家税务总局：新个人所得税法实施后，个税零申报也有纳税记录,2019-02-16 13:13:54,,国家税务总局称，纳税人2019年1月1日以后取得应税所得并由扣缴义务人向税务机关办理了全员全额扣缴申报，或根据税法规定自行向税务机关办理纳税申报的，不论是否实际缴纳税款，均可以申请开具个人所得税《纳税记录》。也就是说，即便是零申报，均在纳税记录中连续记载。,36Kr,未透露
国家版权局：春节档院线电影盗版传播已得到一定遏制,2019-02-10 19:07:36,,36氪讯，据国家版权局官方微博消息，近日来，经过多部门和权利人的联合行动，春节档院线电影的盗版传播已得到一定遏制，对严重的侵权盗版分子国家版权局将移交公安部门采取刑事手段予以严厉打击。,36Kr,未透露
北京互金协会首次公布逃废债借款人及机构名单,2019-02-06 18:00:01,http://www.bjp2p.com.cn/news/20190202001,近日，北京市互联网金融行业协会通过其官网及公众号发布《关于公示北京市网贷机构逃废债借款人及机构名单的公告》，对逃废债的个人或者名单进行公示。值得注意的是，这是北京互金协会首次公开网贷逃废债老赖名单。,36Kr,未透露
浙江大力促进自主创业，担保贷款可达50万元,2019-01-13 14:23:48,http://www.xinhuanet.com//2019-01/13/c_1123983164.htm,浙江省政府日前发布的《浙江省人民政府关于做好当前和今后一个时期促进就业工作的实施意见》指出，符合创业担保贷款申请条件的自主创业人员，可申请最高不超过50万元的创业担保贷款。（新华社）,新华社,未透露
国家邮政局：“春节期间快递停运”为假消息,2019-01-13 09:03:54,http://egs.stcn.com/news/detail?id=348353,经记者核实，近期流传“春节期间快递停运”系假消息。目前，邮政、顺丰、“三通一达”、百世等主要寄递企业尚未公布春节期间具体服务安排，但均表示不会停运。（e公司）,e公司,未透露
房租抵税引发房东恐慌，税务局：目前没有加强房租收入征管通知,2019-01-06 14:39:29,,1月6日，税务局人士表示，目前地方不大可能会通过房租专项附加扣除信息去查房东租金收入是否交税，税务总局也没有这方面加强征管的通知。（第一财经日报）,第一财经日报,未透露
新华社：2018年北京新增减税降费约400亿元,2019-01-06 13:50:54,,1月6日，北京市财政局发布的数据显示，2018年，在首都经济平稳运行的支撑下，北京市一般公共预算收入累计完成5785.9亿元，增长6.5%，完成预期目标。据统计，2018年，北京市新增减税降费约400亿元，其中地方级减税187.8亿元；累计109个PPP项目纳入财政部综合信息平台管理，总投资额2553.5亿元，落地率达88.7%；市级政府投资基金累计吸引社会资本2013亿元。（新华社）,新华社,未透露
2018年北京财政收入完成5785.9亿元，同比增长6.5%,2019-01-06 10:02:10,,1月6日，2018年北京市财政收入“出炉”，全市一般公共预算收入累计完成5785.9亿元，增长6.5%，完成年度预算任务。（新京报）,新京报,未透露
北京税务客服：房东是否补税暂无口径,2019-01-06 09:15:37,,2019年1月1日起，国家税务总局制订的《个人所得税扣缴申报管理办法（试行）》正式施行。其中，纳税人能否真正享受住房租金专项附加扣除的福利引起热议。有房东直言，将其个人出租信息上报给税务部门后，可能面临额外税负，租客则担心因此承担更高的租金。北京税务客服表示，是否让房东补税，目前暂无明确口径。（新浪财经）,新浪财经,未透露
最高法院知识产权法庭将于近期挂牌,2018-12-30 09:50:35,https://baijiahao.baidu.com/s?id=1621185191730302430&wfr=spider&for=pc,最高人民法院副院长、知识产权法庭庭长罗东川介绍，作为最高人民法院派出的常设审判机构，知识产权法庭已经完成了组建工作，近日将正式挂牌。罗东川表示，设立最高人民法院知识产权法庭，可实现知识产权效力判断与侵权判断两大诉讼程序和裁判标准的对接，从机制上解决制约科技创新的裁判尺度不统一等问题，提高知识产权审判质量效率。（新华网）,新华网,未透露
商务部：预计明年消费增速9%，对经济增长贡献率将达65%,2018-12-22 18:37:59,,22日下午，商务部市场运行司副司长王斌表示，2019年消费增长的目标是保持平稳持续的增长。他表示，据有关研究机构预测，2019年社会消费品零售总额将增长9%，对经济增长的贡献率将达65%，有望继续成为经济增长的第一引擎。（上海证券报）,上海证券报,未透露
铁路部门27日起试点候补购票：每人可提交1个候补订单,2018-12-22 12:56:58,https://www.thepaper.cn/newsDetail_forward_2763749,12月27日起，铁路部门在铁路12306网站（含手机客户端），选取2019年春运能力部分紧张方向列车的长途区段，开展候补购票服务试点，每位用户可提交1个候补订单。节前进行候补购票服务试点的车次为，北京、沪宁杭、广东地区始发，终到四川、重庆地区的所有列车。（澎湃）,澎湃,未透露
殷勇：积极鼓励各金融机构在京设立金融科技子公司,2018-12-08 09:45:37,,12月8日，2018第二届中国互联网金融论坛在京召开，北京市人民政府副市长殷勇出席并致辞。他强调：“我们还将积极鼓励各金融机构在京设立金融科技子公司，建立内部孵化机制，共同提升金融科技的能力。”（新浪财经）,36Kr,未透露
武汉：线下与线上预约车辆驾驶员不符将被处罚,2018-11-17 09:33:31,,新制订的《武汉市客运出租汽车管理条例》将于2019年1月1日起正式实施，首次对网约车经营许可和营运服务作出明确规定。《条例》规定，市民乘坐网约车，线下实际提供服务的车辆、驾驶员与线上预约的车辆不一致的，对网约车平台最高罚3万元。（新华社）,新华社,未透露
深圳扶持七大新兴产业，单笔最高3000万元,2018-11-17 09:31:31,,日前，《深圳市战略性新兴产业发展专项资金扶持政策》正式实施，将设立市战略性新兴产业发展专项资金，支持新一代信息技术、高端装备制造、绿色低碳、生物医药、数字经济、新材料、海洋经济等七大战略性新兴产业发展。扶持政策将拓展对创新企业的金融支持手段，如加强与股权投资机构合作，对企业实施的产业化项目，予以最高3000万元股权资金支持；引导银行为中小企业提供产业化信用贷款支持，贷款金额最高不超过1500万元等。（上证报）,上证报,未透露
上海将建立规模为100亿元的上市公司纾困基金,2018-11-04 10:47:58,https://mp.weixin.qq.com/s/Bo5fcRUiOOQsZu_5mmgFag,上海市政府新闻办微信平台“上海发布”宣布，上海发布《关于全面提升民营经济活力 大力促进民营经济健康发展的若干意见》，要加大流动性风险专项防范力度，建立规模为100亿元的上市公司纾困基金，以市场化、法治化方式，对符合经济结构优化升级方向、有前景的民营企业进行投入。,36Kr,未透露
天津市四个产业发展三年行动计划发布，总投资近3000亿元,2018-11-04 09:49:17,https://www.yicai.com/brief/100052175.html,天津市组织制定了新一代人工智能、生物医药、新能源、新材料四个产业发展三年行动计划。根据行动计划，这四个产业将实施重点项目246项，总投资规模近3000亿元，预计到2020年产业规模可达到4500亿元。（第一财经）,第一财经,未透露
中国首座跨越地震活动断层桥梁主桥合龙,2018-11-04 09:23:50,http://www.gov.cn/xinwen/2018-11/03/content_5337266.htm#1,中国首座跨越地震活动断层的跨海桥梁——海南铺前大桥主桥3日顺利合龙，标志着大桥主体工程基本贯通。铺前大桥于2015年正式开工，全长5.597公里，总投资约30.1亿元，是海南省投资规模最大、桥塔最高、跨度最长的独塔双索面钢箱梁斜拉桥。（新华社）,新华社,未透露
国家版权局：对20家大型视频网站开展版权重点监管,2018-10-21 17:01:07,,10月19日至21日，第七届中国国际版权博览会在苏州举行。国家版权局版权管理司司长于慈珂在介绍中国版权保护工作时介绍，国家版权局直接对20家大型视频网站、20家大型音乐网站、8家网盘、10家大型文学网站开展了版权重点监管。（新京报）,新京报,未透露
海通宏观姜超：个税专项抵扣减税规模约千亿元,2018-10-21 15:48:11,,海通宏观分析师姜超等人21日发表研报指出，专项附加扣除每月能够带来的可供抵扣金额共计约1400元。按照纳税人6400万、平均税率10%来估算，年税收减免额约在千亿规模，占17年全国城镇居民可支配收入的0.35%，释放出的消费能力占城镇居民消费支出的0.2-0.4个百分点。此外，姜超认为若要实现长期可持续发展，亟需加大企业部门减税力度，下调增值税率是最为行之有效的方式。（姜超宏观债券研究）,姜超宏观债券研究,未透露
山东将打造全省性企业综合融资服务平台,2018-10-21 11:28:34,,山东省政府近日印发《山东省现代金融产业发展规划（2018-2022年）》，提出将调整优化信贷市场，增强山东省企业融资服务网络系统服务功能，将其逐步打造成全省性企业综合融资服务平台。为更好推动企业融资，山东省还提出，将通过签订战略合作协议等方式，引导金融机构持续加大对山东省重点产业、重点项目、重点领域的支持力度，争取规划期内15家金融机构与省政府签署战略合作协议，协议总金额超过4万亿元。（新华社）,新华社,未透露
多地出台政策促新能源汽车发展，公共机构带头推广,2018-10-21 09:01:50,,公安部交通管理局近日发布数据显示，截至2018年9月底，全国新能源汽车保有量达221万辆。今年以来，地方层面密集出台相关措施，促进新能源汽车产业发展，公共机构带头推广、差异化交通管理成为特点。今年以来，包括山东、江苏、江西、安徽、云南、天津等地都密集出台相关文件，设定了本地区的新能源汽车推广目标。除了在数量上设定增长目标，不少地方都明确提出，公共机构要带头推广新能源汽车。（中国新闻网）,中国新闻网,未透露
个税法实施条例拟增加反避税条款,2018-10-21 08:59:26,,《中华人民共和国个人所得税法实施条例（修订草案征求意见稿）》20日公布。新个人所得税法增加了反避税条款，借鉴企业所得税法的成熟经验，实施条例细化了反避税的有关规定，明确了有关概念和判定标准。明确了关联方、关联关系、独立交易原则、受控外国企业、实际税负明显偏低、合理商业目的等概念的含义和标准；明确了纳税调整利息的计算方法；明确纳税调整具体方法由国务院财政、税务主管部门规定。（经济日报）,经济日报,未透露
美国新法案将允许政府机构击落私人无人机,2018-10-06 09:31:56,http://tech.qq.com/a/20181006/003147.htm,美国参议院通过了联邦航空管理局（FAA）重新授权法案中的一个条款。该条款允许政府机构从空中击落它们认为可能会构成威胁的私人无人机。根据该法案的H条款“预防突然出现的威胁”，肩负有“安全职责或保护人身、厂房或资产职责的人员”可以扰乱、破坏、拦截、干预、没收和控制无人机。而且，在必要的时候，他们还可以“摧毁无人机”。（腾讯科技）,腾讯科技,未透露
商务部副部长王受文：三项重要举措，进一步推动双向投资协调有序发展,2018-09-08 14:44:55,,商务部副部长兼国际贸易谈判副代表王受文在“2018国际投资论坛”上提到，下一步，中国商务部将进一步推动降低外资准入门槛，扩大吸收外资；持续优化投资环境，保护外资企业合法权益和公平竞争。同时，将以“一带一路”建设为重点，坚定不移地支持中国企业走出去，推动双向投资协调有序发展。（央视财经）,央视财经,未透露
李克强会见美孚公司董事长：为中外企业提供一视同仁公平竞争的营商环境是中国政府的职责,2018-09-08 14:03:20,http://www.gov.cn/xinwen/2018-09/08/content_5320357.htm,埃克森美孚公司此次同中方商谈100亿美元独资石化项目落户广东事宜。李克强表示，中美双向投资健康发展不仅有利于双方，也有助于世界经济稳定发展和国际贸易增长。世界各国应当共同维护贸易和投资自由化便利化。,36Kr,未透露
福州将在全市网约车平台安装智能终端设备,2018-09-08 11:06:42,http://tech.qq.com/a/20180908/046767.htm,福州市将在全市网约车平台推广安装车载智能终端设备，该设备可实现摄像、录音、一键报警等功能。（新华网）,新华网,未透露
洛阳：对今后引入的高端人才给予最高100万元住房补贴,2018-08-18 17:13:13,,洛阳市最新的人才住房补贴政策规定，凡今年6月21日以后全职引进的高精尖人才，在市区无自有住房且在市区5年内无住房登记信息和房屋交易记录的，均可按购房补贴、租房补贴和申请入驻青年公寓等三种方式申请享受住房补贴。按照不同的层次标准，引进人才最高可享受100万元的住房补贴，或者最高每月4000元的租房补贴。此外，青年人才还可以选择申请60至120平方米不等的青年人才公寓替代货币补贴，最高可免除3年租金。,36Kr,未透露
土耳其贸易部长：未来将继续回击美制裁,2018-08-18 16:07:11,,17号，土耳其贸易部长佩克詹表示，土耳其将在国际贸易法和世界贸易组织规则下，继续对美国近期所采取的制裁和加征关税等措施，做出回击。美土关系近来急剧恶化，土耳其里拉受影响大幅贬值，甚至有可能引发土耳其国内更广泛的危机。面对美方的步步紧逼，土耳其15号发布总统令，宣布对来自美国的部分进口商品大幅增加关税，以反击美国对土耳其经济的“蓄意攻击”。（央视新闻）,央视新闻,未透露
个税法修正案草案本月迎来二审，此前曾公开征求意见,2018-08-18 15:49:52,https://www.jiemian.com/article/2397052.html,十三届全国人大常委会第十一次委员长会议17日下午在北京人民大会堂举行，栗战书委员长主持。会议决定，十三届全国人大常委会第五次会议8月27日至31日在北京举行。备受关注的个人所得税法修正案草案本月底将迎来二审。（第一财经网）,第一财经网,未透露
特朗普要求用半年报代替季报，SEC主席：接着研究,2018-08-18 15:25:25,https://www.jiemian.com/article/2396920.html,在特朗普要求SEC考虑将公司公布财报的频率调至半年后，美国证券交易委员会（SEC）主席Jay Clayton周五表示，SEC将继续研究上市公司的财报频率。SEC周五表示，已投票通过简化和更新披露其认为多余或过时的信息的要求，目的是减少公司的合规负担。同时SEC还表示，这一变化不会显著改变“投资者可获得的信息总量”。（界面）,界面,未透露
2018在粤香港服务业企业名册在广州发布,2018-08-18 14:54:37,,《2018在粤香港服务业企业名册》日前在广州发布，《名册》收录了1034家珠三角地区的香港服务业企业资料。该《名册》由香港特区政府驻粤经济贸易办事处、香港贸易发展局、中国香港(地区)商会—广东联合汇编，这些企业的经营方向包括金融服务、房地产服务、企业服务、生活服务等领域。香港驻粤经济贸易办事处主任邓家禧说，名册是“数据库”，能让内地民众和企业更便捷地联系在粤香港服务提供商，探讨合作机遇。（新华社）,新华社,未透露
武汉推出住房租赁政策升级版：租赁合同期不得超20年,2018-07-28 17:06:33,,武汉市将通过系列举措有效增加租赁住房供应。产业园区配套建设的服务用房可用于建设租赁住房，其建筑面积可提高至工业用地总建筑面积的15%。武汉市还将加强租赁住房销售管理。租赁合同租期不得超过20年，不得一次性收取5年以上租金，或以收取保证金等其他方式变相出售。（新华社）,新华社,未透露
外管局公布外汇违规案例，支付宝财付通榜上有名,2018-07-24 21:43:19,http://www.safe.gov.cn/wps/portal/!ut/p/c5/04_SB8K8xLLM9MSSzPy8xBz9CP0os3gPZxdnX293QwML7zALA09P02Bnr1BvI2c_E_1wkA6zeGd3Rw8Tcx8DAwsTdwMDTxMnfz8P50BDA09jiLwBDuBooO_nkZ-bql-QnZ3m6KioCACk6Xh-/dl3/d3/L2dJQSEvUUt3QS9ZQnZ3LzZfSENEQ01LRzEwODRJQzBJSUpRRUpKSDEySTI!,36氪讯，上半年外管局共查处外汇违规案件1354件，罚没款3.45亿元。此外，多家第三方支付公司首次出现在外汇局公开通报外汇违规的案例中。如支付宝（中国）因为超出核准范围办理跨境外汇支付业务，且国际收支申报错误被处以罚款60万元人民币；财付通支付科技有限公司未经备案程序为非居民办理跨境外汇支付业务，且未按规定报送异常风险报告等资料被处罚款60万元人民币。,36Kr,未透露
资管新规执行通知将出台，监管部门不搞一刀切,2018-07-20 17:15:46,http://finance.caixin.com/2018-07-20/101306819.html,据了解，执行通知支持防范化解重大风险攻坚战大方向不变，但在切实服从保持中国宏观经济总体稳定发展的大局的前提下，一些细节得以明确。金融机构是自主制定过渡期内的整改计划，监管部门只是监督指导，不搞齐步走、一刀切，不硬性提阶段性压降要求，防止突击压降导致断崖式的产品收缩，以及集中处置加剧资产价格波动。（财新）,财新,未透露
资管新规执行通知即将出台，银行理财细则最快今日落地,2018-07-20 11:54:56,https://m.21jingji.com/article/20180720/herald/d8ec88307e1a09fb2a608d1d140a5f29.html,资管新规执行通知即将出台： 公募可投非标，符合条件的类货基产品可采用摊余成本法，整改不设硬性指标。银保监会正在制定的银行理财细则这两天有望落地，最快或将于今日出台，同时央行近期会下发执行通知，对指导意见中的部分在执行过程中的问题做出了明确。（21世纪经济报道）,21世纪经济报道,未透露
韩国制定人工智能研发战略,2018-07-20 08:19:08,http://www.most.gov.cn/gnwkjdt/201807/t20180719_140765.htm,据韩国《中央日报》网站报道称，韩国第四次工业革命委员会在举行的第六次会议上，审议通过了人工智能研发战略。2022年之前约投资20亿美元用于人工智能研究。政府还发布了应用人工智能的大型公共特色项目，例如急诊服务，新药开发和智能农场等。（中国科技部）,中国科技部,未透露
广东今年底前全面取消医用耗材加成,2018-07-19 21:59:42,http://www.chinanews.com/sh/2018/07-19/8573187.shtml,广东省卫计委今日对《广东省深化公立医院综合改革行动方案》进行解读，其中，今年底前全面取消医用耗材加成，全部通过调整医疗服务价格予以补偿。此外，广东要求各地在2018年至2019年，每年至少调整一次医疗服务价格，确保取消药品和医用耗材加成后，医疗服务价格实际补偿水平达到政策规定的补偿比例，并逐步建立价格动态调整机制。（中国新闻网）,中国新闻网,未透露
北京调整新能源汽车补助政策，补贴不超车价60%,2018-07-19 21:42:55,http://www.bjcz.gov.cn/zxfw/zxfw2011/zcjd/t20180719_943695.htm,36氪讯，北京市对新能源汽车推广应用补助政策进行调整，最新政策明确新能源汽车补助的对象是消费者，消费者应获得的补助资金由新能源汽车生产企业或销售机构先行垫付。汽车生产企业或销售机构申请中央和本市财政补助总额最高不超过车辆销售价格的60%。,36Kr,未透露
民航局行政约见国航，督查组将进驻国航,2018-07-19 20:09:46,http://www.caac.gov.cn/XWZX/MHYW/201807/t20180719_189790.html,36氪讯，7月19日，民航局就中国国际航空股份有限公司7月10日发生的CA106航班客舱释压事件，对国航实施了行政约见。民航局副局长李健参加约见。民航局将成立督查组进驻国航，开展为期3个月的整改督查工作。,36Kr,未透露
美国司法部要求法院加快处理AT&T收购时代华纳的上诉,2018-07-19 17:39:58,https://www.pingwest.com/w/174968,根据路透社报道，美国司法部周三提交法庭文件表示，要求法院加快处理AT&T收购时代华纳的进程，要求在10月18日前完成简报，并尽可能快进行口头辩论，这个速度要比常规的上诉进程快很多。AT&T 对加快上诉进程的要求表示同意。（品玩）,品玩,未透露
工信部：到2020年培育10家左右跨行业跨领域工业互联网平台,2018-07-19 16:43:30,http://www.miit.gov.cn/n1146290/n4388791/c6266121/content.html,36氪讯，工业和信息化部发布关于印发《工业互联网平台建设及推广指南》和《工业互联网平台评价方法》的通知。《指南》提出，到2020年，培育10家左右的跨行业跨领域工业互联网平台和一批面向特定行业、特定区域的企业级工业互联网平台，建成平台试验测试和公共服务体系，工业互联网平台生态初步形成。,36Kr,未透露
北京发新能源车补贴政策，按照中央与地方1:0.5比例补助,2018-07-19 13:57:59,http://www.bjcz.gov.cn/zxfw/zxfw2011/zcjd/t20180719_943695.htm,36氪讯，北京市财政局发布相关文件指出，北京市对新能源汽车按照中央与地方1:0.5比例安排市级补助。对私人购买新能源小客车不作运营里程要求，对其他类型新能源汽车，在车辆运营满2万公里后，给予市级补助。政策自2018年1月1日起执行。,36Kr,未透露
超八成在京上市新能源车获补贴,2018-07-19 08:12:44,http://m.bbtnews.com.cn/content/37/67/104857.html,7月18日，北京市新能源汽车质量安全监控平台发布了《2017年新能源汽车年报》。《年报》显示，在平台已接入的98695辆新能源汽车中，85.55%的车辆符合标准，已经成功领取补贴，获得补贴率最高的车企是腾势。据了解，北京市新能源汽车质量安全监控平台于2016年10月开始接入车辆。截止到今年上半年，平台共接入车辆98226辆。（北京商报）,北京商报,未透露
民航局拟规定：到2022年初步建成低空飞行服务保障体系,2018-07-19 07:49:43,http://www.caac.gov.cn/HDJL/YJZJ/201807/t20180718_189413.html,36氪讯，据民航局网站消息，民航局近日起草《低空飞行服务保障体系建设总体方案》，并向社会公开征求意见。《方案》明确，到2022年，初步建成低空飞行服务保障体系，为低空飞行活动提供有效的飞行计划、航空情报、航空气象、飞行情报、告警和协助救援等服务。,36Kr,未透露
纽约时报：50亿美元罚款凸显欧盟加强数字监管的决心,2018-07-18 20:26:47,https://tech.sina.com.cn/it/2018-07-18/doc-ihfnsvza3101618.shtml,《纽约时报》今日发表文章称，欧盟委员会对谷歌处以50亿美元罚款，凸显了欧盟加强对数字经济监管的决心，尤其是涉及到反垄断、隐私、税收、虚假信息和仇恨言论等问题。（新浪）,新浪,未透露
深圳交委喊话酷骑单车：限期领回所属车辆，逾期将依法处置,2018-07-18 20:15:25,http://www.sztb.gov.cn/zwgk/jtzx/tzgg/201807/t20180718_13694044.htm,36氪讯，广东省深圳市交通运输委员会等部门今日发布关于加强酷骑（北京）科技有限公司遗留车辆清理处置的通告。通告指出，经查询，酷骑单车所属互联网租赁自行车长期滞留深圳市公共空间，且已不能提供相应服务。如酷奇公司逾期未清理回收，亦未出具书面文件交由政府相关部门处理，深圳有关部门将依法进行处置。,36Kr,未透露
欧盟竞争事务专员：谷歌的行为是非法的，我们想要这种行为停止,2018-07-18 19:41:27,,欧盟竞争事务专员Vestager：其他针对谷歌的案件将继续推进，是目前的首要任务；谷歌的行为是非法的，我们想要这种行为停止。（华尔街见闻）,华尔街见闻,未透露
欧盟给予谷歌90天最后通牒结束违法行为,2018-07-18 19:01:45,,谷歌因安卓系统问题被欧盟罚款43.4亿欧元，欧盟给予谷歌90天最后通牒结束违法行为。（彭博）,彭博,未透露
武汉打响进口抗癌药议价谈判第一枪，涉及诺华、辉瑞、默沙东等药企,2018-07-18 18:31:45,http://www.egsea.com/news/detail?id=268090,18日湖北公立医院药品（耗材）供应保障综合管理网发布《武汉市医用物资采购管理办公室关于印发2018年武汉市医疗机构部分进口药品议价工作方案的通知》。议价目录涉及28种进口药品，其中多个肿瘤药，是此前多部委联合公布的103个进口抗癌制剂清单收录品种，诺华、辉瑞、默沙东、赛诺菲等跨国药企在列。（界面）,界面,未透露
上交所官员：IPO制度变成了一种奖励制度，出现了一定问题,2018-07-18 16:56:18,,上交所公司监管部徐明磊称，至少从表象上来讲，有很多专家开玩笑说，现在的IPO不是一种雪中送炭制度反而变成了一种奖励制度。当一家公司已经经营得比较好的时候，其实不是那么需要融资的时候可以上市，上市就变成了一些对企业家身价的暴涨，这是一个比较大的问题。（新浪）,新浪,IPO
欧盟反垄断事务专员将就谷歌罚款问题召开新闻发布会,2018-07-18 16:29:21,,欧盟反垄断事务专员Vestager将于布鲁塞尔当地时间下午1点就谷歌罚款问题召开新闻发布会。（华尔街见闻）,华尔街见闻,未透露
两万多辆进口吉普大切诺基汽车面临召回,2018-07-18 15:58:29,http://www.customs.gov.cn/customs/jyjy/jckspjy/rdgz/1935483/index.html,36氪讯，海关总署今日发布公告，宣布因存在安全隐患，克莱斯勒（中国）汽车销售有限公司将召回21598辆进口吉普大切诺基汽车。 克莱斯勒（中国）汽车销售有限公司将为涉及车辆检查真空助力泵外层水分分离装置安装情况与性能，必要时进行维修，以消除缺陷。,36Kr,未透露
工信部：电信企业要自觉不在校园摆摊设点，保障校园用户权益,2018-07-18 13:01:45,http://www.miit.gov.cn/n1146290/n1146402/n1146440/c6265060/content.html,36氪讯，工业和信息化部信息通信管理局召开会议，动员部署秋季校园电信业务市场规范管理工作。会议要求，电信企业要自觉不在校园及其周边摆摊设点营销电信业务。,36Kr,未透露
机票退改签将实行阶梯费率,2018-07-18 09:43:51,http://www.caac.gov.cn/XXGK/XXGK/ZFGW/201807/t20180717_189399.html,36氪讯，民航局昨日发布《关于改进民航票务服务工作的通知》，从五个方面对航空公司完善退改签收费制度并改进服务进行了规范。其中提到，要制定机票退改签收费“阶梯费率”，即根据不同票价水平和时间节点等，设定合理的梯次收费标准，不能简单规定特价机票一律不得退改签。,36Kr,未透露
港交所与沪深所就同股不同权公司纳入港股通标的达成共识,2018-07-18 08:37:27,http://www.hkex.com.hk/News/News-Release/2018/180718news?sc_lang=zh-HK,36氪讯，针对同股不同权公司，三所将在沪深港通合资格证券现有纳入制度基础上加入一个稳定交易期机制。三所已商定成立联合工作组，将尽快研究不同投票权架构（WVR）公司纳入港股通合资格证券的新补充机制具体方案和细则。,36Kr,未透露
杭州出台集成电路产业专项政策,2018-07-18 07:45:03,http://www.chinanews.com/cj/2018/07-17/8570418.shtml,近日，《杭州市进一步鼓励集成电路产业加快发展的专项政策》正式发布。专项政策明确每年将统筹安排各级专项资金扶持杭州集成电路产业发展，其中重点扶持企业研发投入、IP(知识产权)购买、流片制造、新建或技改项目、自主芯片(模组)的规模化本地应用以及新建专业技术服务平台六个方面。专项政策将于8月12日起施行。（中国新闻网）,中国新闻网,未透露
IPO“临门取消”频现：大发审委27次按“暂停键”,2018-07-18 07:22:47,http://epaper.21jingji.com/html/2018-07/18/content_90385.htm,Wind资讯数据统计，自去年10月新一届发审委履职后，先后已有26家次首发企业临上会前遭暂缓表决或取消审核，若再加上临时取消审核发行中国存托凭证（CDR）的小米集团，则数量达到27家次。（21世纪经济报道）,21世纪经济报道,IPO
银保监会召开互金内部会议：尽快推出网贷备案，专项整治目标是去伪存真,2018-07-17 20:37:36,,据知情人士透露，银保监会昨日下午召集互联网金融业内人士开会，针对网贷行业流动性风险，讨论加快推出网贷备案，近期或有相关监管政策出台。知情人士称，监管不会否认网贷平台等金融科技发展的普惠金融价值，专项整治的核心的目标是去伪存真，让那些好的平台可以发展。专项整治能够促进市场出清，问题平台陆续退出是正常现象。下一步，监管将尽快明确标准，加快推出网贷备案细则或白名单。（财联社）,财联社,未透露
香港金管局拟成立金融学院，推动推动货币与金融研究等,2018-07-17 19:40:42,http://www.xinhuanet.com/2018-07/17/c_1123140115.htm,香港金管局发布消息称，计划在2019年年中成立金融学院。学院主要发挥两项功能：培育金融业领袖人才；作为知识库推动货币与金融研究，特别是跨界别应用研究。香港特区政府财政司司长陈茂波表示：“当前全球金融业迅速发展，日益趋向知识和科技主导，成立金融学院有助于维持香港作为亚洲主要国际金融中心的优势。”（新华社）,36Kr,未透露
监管部门摸底信用保证保险业务，专项自查工作启动,2018-07-17 19:18:00,"http://news.cnstock.com/news,bwkx-201807-4247649.htm",近日监管部门向各地保监局及各财险公司下发相关通知，拟开展信保业务专项自查行动，重点整治保险公司在开展信保业务过程中存在的未严格执行《信用保证保险业务监管暂行办法》要求、规避监管等违法违规行为，及时发现风险隐患，从源头上遏制信保业务风险，减少存量风险，严防增量风险，实现信保业务高质量、可持续发展。（上海证券报）,上海证券报,未透露
超3亿条招聘信息通过网络发布，互联网招聘野蛮生长将终结,2018-07-17 18:12:41,https://www.yicai.com/news/5439720.html,国务院总理李克强日前签署国务院令，公布《人力资源市场暂行条例》，自2018年10月1日起施行。《条例》明确将互联网招聘纳入规范的范围。《条例》第三十一条规定，人力资源服务机构通过互联网提供人力资源服务的，应当遵守本条例和国家有关网络安全、互联网信息服务管理的规定。（一财）,一财,未透露
福建网贷机构发声：希望同业开展合作整合“抱团取暖”,2018-07-17 17:19:35,https://mp.weixin.qq.com/s/chZah8ENmGvKqBTQ3Oq1TA,36氪讯，福建省互联网金融协会发布消息称，协会召开了网贷机构研讨会。与会单位就树立行业信心、平台合规发展、行业自律建设等方面进行了交流和探讨，希望同业开展合作整合“抱团取暖”。,36Kr,未透露
全国性187条网贷备案验收细则或将于7-8月出台,2018-07-17 17:16:19,http://www.bjnews.com.cn/finance/2018/07/17/495496.html,监管方或将于7-8月间落实180余条的网贷备案验收细则，具体细则为187条。这是继中国互金协会及此前上海、广州、深圳、江苏等地互金协会集体发声后，针对P2P网贷平台的最新监管动向。这次是由国家体系制定、并将在全国执行的网贷备案验收细则，杜绝因地方监管套利而出现验收问题及风险隐患。（新京报）,新京报,未透露
香港金管局：50家机构欲申请虚拟银行牌照,2018-07-17 14:28:07,,香港金管局总裁陈德霖：目前有包括海内外科技企业在内的约50家机构表示了申请虚拟银行牌照的意向。（香港电台）,香港电台,未透露
江苏互金协会：网贷平台高管通讯工具必须24小时畅通,2018-07-17 12:43:47,https://mp.weixin.qq.com/s/4u9EdcVdEf-8A5bmgzuKfA,36氪讯，江苏互金协会发布《关于进一步强化江苏省网络借贷信息中介机构合规经营的通知》，通知要求，各网贷平台的客服热线、实际控制人、高级管理人员通讯工具必须保持24小时畅通，加强对官网的及时维护，确保官网正常运行，投资人能及时了解平台信息。,36Kr,未透露
工信部：从五方面推进关键软件技术和产业高质量发展,2018-07-17 10:12:43,http://www.miit.gov.cn/n1146290/n1146397/c6261348/content.html,36氪讯，工信部副部长陈肇雄表示，要持之以恒、扎实推进中国关键软件技术和产业高质量发展，重点做好五个方面的工作：一是补齐关键短板。加快关键核心技术创新突破，补齐关键基础软件等短板。二是实现换道超车。前瞻布局，加强云计算、大数据、人工智能、工业互联网等新兴关键软件技术和系统研发。三是推进应用普及。四是优化发展环境。五是强化人才支撑。,36Kr,未透露
互金协会就网贷爆雷潮首度发声：避免过度渲染影响市场秩序,2018-07-17 07:32:10,https://finance.qq.com/a/20180716/043043.htm,针对6月以来网贷行业的爆雷潮，中国互联网金融协会首度发声，称整治是为了更好的发展，应避免因对一些事件的过度渲染和错误解读影响市场正常秩序，并呼吁相关部门应进一步加大打击恶意逃废债等行为。（腾讯一线）,腾讯一线,未透露
港交所李小加：港交所永远不会阻拦北上投资者去内地交易所投资,2018-07-16 19:36:51,http://www.egsea.com/news/detail?id=266774,港交所行政总裁李小加表示，假如内地的CDR有一天决定让所有新经济公司都能在A股上市，港交所肯定会允许通过沪、深股通去投资所有的CDR。香港交易所永远不会阻拦北上的投资者去内地交易所投资。日前沪深港两地交易所通知，同股不同权公司暂不纳入港股通。（证券时报）,证券时报,未透露
李小加：内地拒小米入港股通是小算盘，将与证监会商榷,2018-07-16 19:16:01,https://finance.qq.com/a/20180716/038666.htm,针对内地交易所推出新规，令上市一周的小米纳入港股通“梦碎”一事，港交所行政总裁李小加公开表示，内地交易所是商业机构，有小算盘属正常，若需在公司上市前宣布规则，以便令投资者有预期。他还表示，即日赴京，与中国证监会商讨如何解决分歧。（腾讯一线）,腾讯一线,未透露
G20监管机构发布数字货币监控框架，预防潜在风险,2018-07-16 18:46:11,https://tech.sina.com.cn/it/2018-07-16/doc-ihfkffak7372885.shtml,全球性金融监管机构“金融稳定委员会”（FSB）今日发布了一个框架，旨在警惕性地监控比特币等数字加密货币可能带来的风险。FSB今日在一份声明中称：“监控数字加密货币资产市场的规模和发展状况，有助于了解财富效应的潜在规模，尤其是在数字加密货币贬值时。”（新浪）,36Kr,未透露
一财：正在起草完善方案过程中的房地产税有望加快推出,2018-07-16 18:06:34,https://www.yicai.com/news/5439368.html,今日在上半年国民经济运行情况发布会上，国家统计局新闻发言人毛盛勇提到，中央下一步将加快推进房地产税相关政策举措。国家行政学院冯俏彬对此表示，国家统计局发言人以前很少直接提及房地产税，这次明确提出加快推进房地产税相关举措，是一个不同寻常的信号，说明房地产税推出工作正陆续就位。（第一财经）,第一财经,未透露
浙江横店影视产权交易中心开业，打造全产业链基地,2018-07-16 14:01:00,http://biz.zjol.com.cn/zjjjbd/ycxw/201807/t20180716_7789410.shtml,浙江横店影视产权交易中心总经理刘涛介绍，交易中心将利用先进信息技术和各类金融工具进行产品开发和业务模式创新，打造全产业链影视产权交易平台。交易中心将开发设计以影视文化企业或项目为标的的产品，为影视文化企业和投资机构开展影视产品和服务交易以及投融资提供服务支持。（浙江在线）,浙江在线,未透露
香港金管局即将推出区块链贸易融资平台,2018-07-16 13:46:18,http://www.ftchinese.com/story/001078494,香港金管局将于下月上线区块链贸易融资平台，将包括汇丰和渣打在内的21家银行连接起来，该平台由中国平安集团设计，将成为政府主导的首批旨在升级9万亿美元全球贸易融资行业的重要项目之一。（FT中文网）,FT中文网,未透露
四部门整治自媒体“洗稿”，重点监管短视频平台,2018-07-16 12:58:33,http://www.ncac.gov.cn/chinacopyright/contents/518/382504.html,36氪讯，国家版权局、国家互联网信息办公室、工信部、公安部联合启动 “剑网2018”专项行动，旨在打击网络侵权盗版。“剑网2018”专项行动将在对网络转载、短视频、动漫等重点领域开展版权专项整治。据了解，此次专项行动自7月上旬开始，持续4个多月。,36Kr,未透露
国家统计局：2018上半年我国GDP同比增长6.8%,2018-07-16 12:40:45,https://app.peopleapp.com/Api/600/DetailApi/shareArticle?type=0&article_id=1970893,国家统计局初步核算，今年上半年我国GDP总量418961亿元，按可比价格计算，同比增长6.8%。二季度同比增长6.7%，增速比一季度放缓0.1个百分点，连续12个季度保持在6.7%-6.9%的区间。（人民日报）,人民日报,未透露
广州互金协会：拟退出的网贷机构应做好稳妥退出工作,2018-07-16 10:59:50,http://www.gzifa.org/notice/772,36氪讯，广州互联网金融协会官网发布《关于进一步做好网贷机构风险防范及稳妥退出工作的通知》，要求会员单位出现项目逾期时，不得跑路、失联，第一时间与出借人做好沟通工作，确保电话、网站、APP等正常运作、办公场所正常营业，主要负责人和高管必须亲自出面与出借人等利益相关方沟通，并制定合理有效的还款计划。,36Kr,未透露
上海发布《上海市工业互联网产业创新工程实施方案》,2018-07-16 07:15:45,http://kuaixun.stcn.com/2018/0715/14387385.shtml,《上海市工业互联网产业创新工程实施方案》近日发布，明确未来三年上海工业互联网发展的路线图，包括实施功能体系建设、集成创新应用、产业生态培育等内容。安信证券认为，工业互联网作为连接工业全系统、全产业链、全价值链，支撑工业智能化发展的关键基础设施，是互联网从消费领域走向生产领域的核心载体，随着政策逐渐落地，工业互联网发展速度有望加快。（上证资讯）,上证资讯,未透露
泰国央行行长：正在通过监管沙箱审查区块链应用申请,2018-07-13 20:00:52,,泰国央行行长Veerathai Santiprabhob称，正在通过央行的监管沙箱，审查用于文件认证、供应链金融、跨境支付等领域的多个区块链应用申请。Santiprabhob还表示，央行正在寻求应用区块链技术和其他技术来保护财务信息，以减少欺诈行为。（CCN）,CCN,未透露
深圳市交委：无人驾驶首批测试开放路段即将公布,2018-07-13 19:29:05,,在中国无人驾驶产业化峰会上，深圳市交委综治处处长韩浩透露，首批道路测试开放路段将于近期公布，下一步，深圳还将加快建设封闭测试场和示范区，结合企业需求提供定制化测试服务，同时结合自动驾驶技术升级，进一步开放道路测试区域，加快形成城市级开放测试环境。（每经）,每经,未透露
中央财经委会议要求扩大科技领域对外开放,2018-07-13 19:14:18,,中央财经委会议要求减坚持合作创新，扩大科技领域对外开放。（央视）,央视,未透露
北京市教委下发通知 鼓励发展人工智能网络安全专业,2018-07-13 18:52:01,https://mp.weixin.qq.com/s/zqpjQG_iFsTcODHuQkEhKw,北京市教委明确，市属高校专业调整需进行申报，申报范围包括新设置本科专业、第二学士学位专业，调整专业学位授予门类和修业年限，撤销专业等。按照通知要求，各高校要主动服务国家战略和北京经济社会发展需要，增设乡村振兴、健康中国、人工智能、网络安全、外语非通用语种等领域相关专业。 （网信北京）,36Kr,未透露
国务院会议决定新设一批跨境电商综合试验区,2018-07-13 18:46:23,,国务院会议决定新设一批跨境电商综合试验区。（央广）,央广,未透露
深交所召开创投机构座谈会，共商深化创业板改革,2018-07-13 18:28:13,,7月13日，深交所组织召开创投机构座谈会，听取创投机构对近期经济形势、行业发展、资本市场稳健运行，以及对深交所工作的意见和建议。深创投、前海母基金、达晨、松禾、赛富等十多家创投机构合伙人参会，共商服务创新驱动发展战略、深化创业板改革、积极防控风险。（新浪）,新浪,未透露
上海未来三年工业互联网发展路线图出炉,2018-07-13 17:47:27,https://www.shobserver.com/news/detail?id=96347,上海市政府发布《上海市工业互联网产业创新工程实施方案》，方案显示：到2020年，通过实施上海工业互联网“533”创新工程，实现“全面促进企业降本提质增效、推动传统产业转型升级、助力国家在工业互联网发展中的主导力和话语权”三大目标。（上观）,上观,未透露
国家税务总局要求各级税务机关加强影视行业税收征管,2018-07-13 15:34:59,http://www.chinatax.gov.cn/n810219/n810724/c3578061/content.html,36氪讯，国家税务总局印发《通知》要求，各级税务机关要加强对影视行业的税源管理。依法确定影视行业纳税人税款征收方式。加强对影视企业和影视行业从业人员的税收风险分类管理，对存在税收违法行为的依法进行处理，并按规定列入税收“黑名单”，推送相关部门开展联合惩戒。,36Kr,未透露
央行：任何单位在推广非现金支付工具时不得炒作“无现金”概念,2018-07-13 15:09:48,http://www.pbc.gov.cn/goutongjiaoliu/113456/113469/3577298/index.html,36氪讯，央行表示，任何单位和个人在推广非现金支付工具时，不得炒作“无现金”概念。任何单位和个人不得以格式条款、通知、声明、告示等方式拒收现金，依法应当使用非现金支付工具的情形除外。任何单位和个人存在拒收或者采取歧视性措施排斥现金 等违法违规行为的，应当自本公告公布之日起一个月内进行整改。,36Kr,未透露
央行发布《非银行支付机构开展大额交易报告工作有关要求的通知》,2018-07-13 14:30:37,http://www.pbc.gov.cn/zhengwugongkai/127924/128038/128109/3577288/index.html,36氪讯，央行发布《非银行支付机构开展大额交易报告工作有关要求的通知》，称非银行支付机构应当以客户为单位，按资金收入或者支出单边累计计算并报告下列大额交易：①当日单笔或者累计交易额人民币5万元以上（含5万元）、外币等值1万美元以上（含1万美元）的现金收支。,36Kr,未透露
上海2018年计划推广超4.3万辆新能源车,2018-07-13 13:55:00,http://wap.sh.gov.cn/nw2/nw2314/nw2319/nw10800/nw11408/nw42839/u26aw56434.html,36氪讯，上海市近日发布《上海市清洁空气行动计划(2018-2022年)》。《计划》要求加快建设城市绿色交通运输体系，减少移动源污染排放。2018-2020年，新能源汽车(标准车)推广数量分别不低于4.3万辆、5万辆、6万辆。新增、更新公务用车中新能源车比例大于80%。,36Kr,未透露
中国财政部：延长高新技术企业和科技型中小企业亏损结转年限到10年,2018-07-13 12:00:27,http://szs.mof.gov.cn/zhengwuxinxi/zhengcefabu/201807/t20180713_2960452.html,36氪讯，中国财政部近日发布通知称，自2018年1月1日起，当年具备高新技术企业或科技型中小企业资格的企业，其具备资格年度之前5个年度发生的尚未弥补完的亏损，准予结转以后年度弥补，最长结转年限由5年延长至10年。,36Kr,未透露
对机票退改签费问题，民航局新规即将下发,2018-07-13 10:36:57,http://finance.chinanews.com/sh/2018/07-13/8565634.shtml,规范机票销售、退改签服务。民航局在广泛征求意见的基础上拟定了《关于改进民航票务服务工作的通知》，提出了具体的改进举措，近日即将下发。内容包括对航空公司、OTA平台和销售代理人等规范制度、改进服务方面提出要求。（中新网）,中新网,未透露
新版电子税务局系统发布，可实现全税种一网申报,2018-07-13 09:54:39,http://www.xinhuanet.com/2018-07/12/c_1123117301.htm,从中国航天科工集团有限公司旗下航天信息股份有限公司了解到，新版电子税务局系统已正式发布，系统全面支持国地税业务，实现全税种一网申报。纳税人可以在电子税务局办理税务登记、申报缴税、发票申领、发票代开等所有涉税业务，纳税申报系统实现了十表合一，减少了企业90%以上的申报表填写工作量。（新华社）,新华社,未透露
香港证监会对收购规则中的赔偿及合规条款进行修订,2018-07-13 09:10:59,http://www.egsea.com/news/detail?id=265531,香港证监会今天就《公司收购、合并及股份回购守则》的建议修订发表谘询总结。经修订的两份守则今天生效。新引入的措施包括，赋权收购委员会可要求违反该两份守则的人向蒙受损失的股东支付赔偿，以及将清洗交易宽免的投票门槛提高至必须取得75%的独立股东批准，以加强对投资者的保障。（证券时报）,证券时报,未透露
《海南省清洁能源汽车发展规划》目前正在编制,2018-07-13 09:01:26,"http://news.cnstock.com/news,bwkx-201807-4245978.htm",目前，《海南省清洁能源汽车发展规划》正在编制，据介绍，海南省新能源汽车充电相关费用主要由两部分组成，基础电价和充电服务费。按照初步测算，基础电价和充电服务费叠加每度电在1.0元-1.5元之间。（中国证券网）,中国证券网,未透露
人民日报海外版：互联网金融须扎紧“安全带”,2018-07-13 08:07:25,http://money.people.com.cn/GB/n1/2018/0713/c42877-30144381.html,人民日报海外版刊文称：来自国家互联网金融风险分析技术平台的监测显示，今年以来，含有虚假宣传信息的互联网金融网站数量有增加之势，到5月份已达到3377个。虽然专项整治取得了巨大成效，但就目前来看，互联网金融领域风险防范化解任务仍然艰巨，适应互联网金融特点的监管体制机制有待进一步完善。,36Kr,未透露
印方官员：中国可能很快批准印度仿制药的进口,2018-07-12 21:43:20,https://www.pingwest.com/w/174773,引述路透社消息，印度贸易促进机构一名负责人表示，中国准备迅速批准印度生产的药品。印度贸易官员在新德里表示，印度公司有望填补中国在仿制药(非专利药/generic drug)、软件、糖和部分稻米品种的需求缺口。（品玩）,品玩,未透露
为清洁空气，上海拟年内推4.3万辆新能源车,2018-07-12 19:50:35,http://www.shanghai.gov.cn/nw2/nw2314/nw2319/nw12344/u26aw56434.html,36氪讯，上海市发布《上海市清洁空气行动计划（2018-2022年）》指出，加快建设城市绿色交通运输体系，减少移动源污染排放。《计划》要求，2018-2020年，新能源汽车（标准车）推广数量分别不低于4.3万辆、5万辆、6万辆。新增、更新公务用车中新能源车比例大于80%。,36Kr,未透露
上交所召开上市公司座谈会,2018-07-12 19:08:04,https://mp.weixin.qq.com/s/6XA6olwtvLNS4nbPy3aJ3Q,36氪讯，7月11日，上交所召开上市公司座谈会。座谈会邀请了具有行业代表性的10家沪市公司，既有金融、房地产、化工等传统行业公司，也有新零售、新能源电池等新兴行业、新业态公司。会议听取了上市公司对近期经济形势、行业发展、中美贸易争端，以及维护资本市场稳健运行的意见和看法。,36Kr,未透露
德国法院裁定父母有权访问已逝子女的Facebook账号,2018-07-12 18:47:42,https://tech.sina.com.cn/i/2018-07-12/doc-ihfefkqr1755623.shtml,德国卡尔斯鲁厄联邦法院今日裁定，父母有权访问其已故子女的Facebook账号。该诉讼源自2012年的一场意外。当时一名15岁的女孩在一个地铁站被火车撞死，女孩的母亲想通过访问女儿的Facebook账号来寻找她是否是自杀的线索，但Facebook以隐私为由拒绝了该请求。（新浪）,新浪,未透露
商务部：中德企业签署的商业协议涉及金额达近300亿美元,2018-07-12 18:41:34,http://www.egsea.com/news/detail?id=265300,商务部新闻发言人高峰表示，李克强总理访问期间，中德企业签署的商业协议涉及金额达近300亿美元，其中包括汽车、自动驾驶领域的合作，比如德国的汽车企业提高在华合资股比，双方汽车企业在华共建研发中心，以及在自动驾驶、新能源汽车等领域的多项战略合作。（证券时报）,证券时报,未透露
"工信部：今年制造业""双创""平台试点示范项目申报工作启动",2018-07-12 18:11:39,http://www.miit.gov.cn/n1146295/n1652858/n1652930/n3757016/c6256380/content.html,"36氪讯，工信部发布关于组织开展2018年制造业“双创”平台试点示范项目申报工作的通知，将围绕""双创""平台+要素汇聚、+能力开放、+模式创新、+区域合作4个领域，遴选若干产业应用基础好、发展前景广、带动作用强的项目，支持制造业""双创""平台建设和应用推广，提升制造业重点行业骨干企业互联网""双创""平台普及率。",36Kr,未透露
苗圩与德国经济和能源部长会谈：加强中德智能制造、自动驾驶合作,2018-07-12 16:40:37,http://www.miit.gov.cn/n1146290/n1146397/c6255916/content.html,36氪讯，中国工信部部长苗圩与德国经济和能源部长皮特·阿尔特迈尔在柏林举行会谈，就加强中德智能制造、自动驾驶等领域合作广泛交换意见，一致同意年内举行部门间对话，共同推动标准制定、技术研发及产业合作。双方共同签署了《关于自动网联驾驶领域合作的联合意向声明》。,36Kr,未透露
新华社：多种积极信号在中国资本市场显现,2018-07-12 15:40:53,http://www.ce.cn/xwzx/gnsz/gdxw/201807/12/t20180712_29726196.shtml,新华社发文称，近期越来越多的积极信号显示，中国资本市场有能力、有底气实现长期健康发展。进入密集披露期的A股上市公司中报显示，今年上半年上市公司经营状况良好。另一方面，通过几年来的严监管，市场环境得到不断净化。更积极的是外资在加速布局中国金融市场。（新华网）,新华网,未透露
商务部：将继续改善营商环境，保护外资企业在华的合法权益,2018-07-12 15:34:01,http://www.egsea.com/news/detail?id=265298,商务部新闻发言人高峰今日表示，中国有稳定的投资环境，较强的产业配套能力，有潜力巨大，正在升级而且不断开放的消费市场。近期，通用电气、福特、宝马、特斯拉等外资企业纷纷进一步扩大在中国的产能、规模和投资。我们将继续改善营商环境，保护外资企业在华的合法权益，使中国继续成为外国企业投资的首选之地。（证券时报）,证券时报,未透露
第四次专利法修改或涉及缩短药品上市时间,2018-07-12 07:22:07,,接近国家知识产权局内部人士表示，探索建立药品专利链接制度，大幅缩小药品专利到期与药品上市时间等，或成第四次专利法修改方案的重要组成部分。（经济参考报）,经济参考报,未透露
深圳推出小微企业票据再贴现，承办利率不超再贴现加150BP,2018-07-11 21:14:06,https://m.21jingji.com/article/20180711/herald/2554acd922e91321297130acd45750be.html?from=weibo,深圳人行将以政策性优惠利率向承办银行提供再贴现资金，同时要求承办银行办理“微票通”小微企业票据贴现利率原则上不超过再贴现利率加150个BP。所谓“微票通”，是利用人民银行再贴现政策工具，为有产品、有市场、有诚信的小微企业专门设立的票据融资再贴现快速通道服务项目。（21世纪经济报道）,21世纪经济报道,未透露
证监会：警惕互联网“非法荐股”风险,2018-07-11 19:46:55,http://www.csrc.gov.cn/newsite/djffzqqhhdj/ffzqqhjs/201807/t20180710_341033.html,36氪讯，证监会称，近期，有不法分子利用微信、微博、网络直播室、论坛、股吧、QQ等互联网工具或平台进行“非法荐股”活动有所抬头。对此，证监会提醒投资者，根据《证券法》《期货交易管理条例》《证券、期货投资咨询管理暂行办法》等法律法规规定，从事证券、期货投资咨询业务，必须依法取得中国证监会的业务许可；未经中国证监会许可，任何单位和个人均不得从事证券、期货投资咨询业务。,36Kr,未透露
铁塔5G站址布局省市出炉，14个省市入围,2018-07-11 16:50:25,http://www.telworld.com.cn/show-list-25924,据悉山西、黑龙江、江西、山东、湖北、海南、陕西、甘肃、青海、广西、河北、河南、重庆、辽宁这14个省份，已明确由铁塔公司统筹组织5G站址规划。另外，山东、黑龙江、河南、广西、海南、陕西、辽宁7个省已经出台文件表示向铁塔公司开放全省公共资源，支持信息基础设施建设。（运营商世界网）,运营商世界网,未透露
国资委：加快中央企业电子商务联盟建设,2018-07-11 15:08:31,http://www.sasac.gov.cn/n2588025/n2643314/c9231542/content.html,36氪讯，国资委副主任、党委委员徐福顺指出，中央企业电子商务联盟成立一年来，加快推进资源共享和协同合作，取得多项显著成果，值得肯定和表扬。中央企业要把发展电子商务作为培育世界一流企业的重要举措，坚持改革创新，强化协同共享，加快中央企业电子商务联盟建设，扎实做好下一步工作。,36Kr,未透露
上海：重点推动汽车、航空、船舶领域进一步对外开放,2018-07-11 14:41:58,"http://news.cnstock.com/news,bwkx-201807-4245053.htm",上海市经信委副主任黄瓯介绍，本市鼓励外商投资先进制造业，全面落实准入前国民待遇加负面清单管理制度。重点推动汽车、航空、船舶、绿色进口再制造和维修等领域的进一步对外开放，推动重大产业项目落地。全力打造汽车、电子信息产业，积极培育民用航空、生物医药、高端装备、绿色化工等产业集群。（中证网）,中证网,未透露
韩正：积极回应社会关切，加快推进抗癌药降价,2018-07-11 14:29:26,http://www.xinhuanet.com/2018-07/11/c_1123110476.htm,国务院副总理韩正10日在国家医疗保障局调研并主持召开座谈会。韩正重点了解抗癌药降价、医保支付方式改革、治理高值医用耗材过度使用等工作开展情况。韩正强调，要积极回应社会关切，加快推进抗癌药降价，减轻医药费用负担，给人民群众带来实实在在的好处。（新华社）,新华社,未透露
中德签署20多项合作文件，将展开汽车全价值链合作,2018-07-11 13:03:34,http://epaper.21jingji.com/html/2018-07/11/content_89926.htm,7月9日，在中德双方磋商之后，两国总理共同见证了双方农业、教育、青年、卫生、化工、通信、汽车、自动驾驶等领域20多项双边合作文件签署，总金额近300亿美元。双方促成一批具有示范意义的政府间及企业合作项目，涉及自动驾驶、新能源汽车、工业互联网、智能制造、电子商务、节能环保等面向未来的合作领域。（21）,21,未透露
日本政府将与社会企业共同开发新一代反应堆,2018-07-11 12:51:51,http://tech.huanqiu.com/it/2018-07/12464759.html,据《日本经济新闻》报道，日本政府和民营企业将共同推进新一代反应堆的开发。日本经济产业省已开始讨论2018度内组建由大型电力企业和反应堆企业等参加的协议体。将就进一步提高安全性的反应堆的开发和商业化展开合作。日本希望通过建立各企业展开合作的机制，推动核电站新建，也为行业重组进行布局。（环球网）,环球网,未透露
上海金融办：沪伦通争取年内开通，市场是否回暖等是外部条件,2018-07-11 12:51:07,https://www.thepaper.cn/newsDetail_forward_2255582,上海市金融办副主任李军表示：“沪伦通也是采取CDR的方式，是根据上海和伦敦两地已上市股票设计的CDR，这两类企业会不会有不同、到时候资本市场会不会回暖都是开通沪伦通的外部条件，根据我们的了解，证监会和上交所都在按照年内开通的时间表在准备和推进。”（澎湃）,36Kr,未透露
工信部要求电信企业向用户按月推送账单信息,2018-07-11 09:04:43,http://www.xinhuanet.com/fortune/2018-07/11/c_1123108363.htm,针对社会反映的手机不明扣费等问题，工信部要求基础电信企业下月起以短信方式按月向用户主动推送通信账单信息。工信部将组织开展综合整治骚扰电话专项行动，严控骚扰电话传播渠道，加强预警、监测、识别和拦截。（新华社）,新华社,未透露
北京拟推出网贷白名单，已验收平台有望首批进入,2018-07-10 19:08:18,http://stock.hexun.com/2018-07-10/193416783.html,据接近北京市监管部门的人士，在网贷备案确定推迟1-2年的情况下，北京市拟推出一个网贷平台的白名单，几家已经通过网贷备案前期验收的企业可能会首批进入该白名单。（和讯网）,和讯网,未透露
广电总局：坚决遏制偶像养成类、选秀类节目过度娱乐化,2018-07-10 18:02:22,https://mp.weixin.qq.com/s/woO1P7Ci3VsZ27VJuODTkQ,36氪讯，国家广播电视总局办公厅今日发布《关于做好暑期网络视听节目播出工作的通知》，对暑期相关网络视听节目播出作出几项安排：一是制作传播正能量鲜明的青少年节目；二要保护青少年身心健康，严把节目导向关、内容关。,36Kr,未透露
上海提出“扩大开放100条”行动方案，争取外资新能源汽车项目落地,2018-07-10 13:06:42,https://www.jfdaily.com/news/detail?id=95866,方案提出，将建上海自贸试验区版权服务中心；鼓励外资投资先进制造业，争取外资新能源汽车项目落地；进一步放宽服务业市场准入，加快实施汽车、飞机、船舶产业对外开放，创新发展高端绿色进口再制造和全球维修业务。（上观新闻）,上观新闻,未透露
中德签署自动网联驾驶领域合作联合意向声明,2018-07-10 09:35:22,,当地时间7月9日，工信部部长苗圩与德国联邦经济和能源部、联邦交通和数字基础设施部代表共同签署《关于自动网联驾驶领域合作的联合意向声明》。两国将合作推动国际统一标准的制定及应用、促进相关技术要求统一、促进两国企业在智能网联汽车及基础设施数据共享等，共同推动两国智能网联汽车发展。（证券时报）,证券时报,未透露
央行潘功胜强调禁止ICO及数字货币交易活动,2018-07-09 19:59:43,https://www.yicai.com/news/5437740.html,中国央行副行长潘功胜表示，ICO以及各类变相的ICO，比特币等数字货币交易活动，以及互联网外汇交易平台，涉及非法集资和非法发行证券，“是不让干的”。他继续强调，目前部分机构在中国国内受到打击之后，跑到国外，未经中国政府许可，仍然对中国的居民开展业务，这也是明确为非法并禁止的。（第一财经）,第一财经,未透露
互联网金融风险专项整治下一阶段方案出炉,2018-07-09 19:49:33,https://www.yicai.com/news/5437740.html,据一财报道，根据方案，首先明确了时间节点，P2P网络借贷和网络小贷领域清理整顿完成时间，延长至2019年6月，其他各领域重点机构应于2018年6月底前，将存量的违规业务化解至零。,36Kr,未透露
世界首座浮动城市将在2022年建成,2018-07-09 16:09:58,http://www.techweb.com.cn/world/2018-07-09/2683941.shtml,据国外媒体报道，2022年世界上首座浮动城市将在南太平洋建成。这座城市的赞助者表示，它将拥有自己的政府和加密货币。在2017年与法属波利尼西亚政府签署协议后，建造者明年开始建造这座孤立乌托邦式的城市。这座浮动城镇是海上家园研究所的构想。（Techweb）,Techweb,未透露
央行：再用1到2年时间完成互联网金融风险专项整治,2018-07-09 16:09:47,http://www.pbc.gov.cn/goutongjiaoliu/113456/113469/3573837/index.html,36氪讯，央行会同相关成员单位召开互联网金融风险专项整治下一阶段工作部署动员会。央行副行长潘功胜指出，按照打好防范化解重大风险攻坚战总体安排，再用1到2年时间完成互联网金融风险专项整治，化解存量风险，消除风险隐患，同时初步建立适应互联网金融特点的监管制度体系。,36Kr,未透露
明年起全国高铁或将实现刷证进站，无需换取纸质车票,2018-07-09 15:30:29,http://www.jwview.com/jingwei/html/07-08/167752.shtml,中国铁路总公司党组书记、总经理陆东福在“智能高铁发展暨京津城际铁路开通十周年论坛”上宣布，电子客票将于明年在全国推广。届时，在部分试点线路上，乘客或可实现“刷手机”、“刷身份证”直接进站乘车，无需换取纸质车票。（中新经纬）,中新经纬,未透露
法国财政部长：最迟在2019年初对数字巨头征税,2018-07-09 11:43:54,https://tech.sina.com.cn/it/2018-07-09/doc-ihezpzwt9164962.shtml,法国财政部长勒梅尔表示，欧盟将克服谷歌和苹果等数字巨头带来的税收差异，这些公司过去在不少欧洲国家以最低税率获得巨额利润。他表示：“我们将在2018年末或最迟在2019年初对数字巨头征税，因为这不仅关于公平更关乎主权。”（新浪）,36Kr,未透露
李小加回应新经济股价表现：监管者不关心这个问题,2018-07-09 10:23:26,,关于“新经济股是过高还是过低”，港交所总裁李小加回答称这是仁者见仁智者见智，作为一个交易所，一个监管者，不关心这个问题。“对于交易所来说只要买卖都来，我们不关心太多他们之间的上上下下。因为监管者不能左右这一个市场，并不能管理这一个市场，要敬畏这个市场。”（彭博）,36Kr,未透露
传明年新能源汽车补贴再减三成，中汽协：未收到通知,2018-07-08 17:47:50,http://www.nbd.com.cn/articles/2018-07-08/1232858.html,7月6日，有外媒报道，“明年中国电动汽车的财政补贴将在2018年的基础上再减三成”。对此，多方均表示没收到此通知。全国乘用车市场信息联席会秘书长崔东树称，“他不了解这一信息，但上述知情人透露的‘明年电动汽车补贴标准下降以及针对车辆的续驶里程提高补贴’，均属合理范围。”（每日经济新闻）,36Kr,未透露
证监会修改相关账户管理制度，外国投资者参与A股交易范围进一步放开,2018-07-08 17:33:58,http://www.csrc.gov.cn/pub/newsite/zjhxwfb/xwdd/201807/t20180708_340913.html,36氪讯，证监会会同有关部门上报了《关于进一步放开外国人A股证券账户开立政策的请示》，已获国务院原则同意。证监会7月8日就《证券登记结算管理办法》《上市公司股权激励管理办法》等相关规定的修改草案公开征求意见。,36Kr,未透露
银行理财等3套监管细则雏形已定，出台时间未定,2018-07-08 13:03:07,http://finance.sina.com.cn/money/lczx/2018-07-08/doc-ihezpzwt4245306.shtml,从多个独立信源获悉，银保监会正着手起草三套独立的资管新规配套细则，分别针对商业银行理财、银行资管子公司和结构性存款，具体出台时间尚不明确。一名国有商业银行资管部人士透露，“三个单独的细则应该都有雏形了。”（新浪）,36Kr,未透露
王军：理财新规延期发布是正确选择,2018-07-08 12:24:18,,中原银行首席经济学家王军在2018年中国财富论坛上表示，理财新规延期发布是正确选择。近期国内市场风雨飘摇，在这种情况再叠加过强过严的监管会引发不大不小的危机。监管要把握好度，避免简单粗暴，防范风险的升级。此前财新网报道称，理财新规本有望于6月末7月初推出，监管部门考虑到市场情绪，发布还会观望一段时间。（财联社）,财联社,未透露
印度最高法院宣布维持加密货币禁令：成非法产业,2018-07-08 10:05:18,https://tech.sina.com.cn/i/2018-07-08/doc-ihezpzwt3360869.shtml,本周，印度最高法院拒绝推翻印度央行此前的决定。这项决定要求商业银行不得交易加密货币，导致加密货币产业在印度成为非法。由印度首席大法官迪帕克·米斯拉牵头的小组表示，印度储备银行关于禁止商业银行、金融机构和其他受监管机构提供任何与虚拟货币相关服务的指令将继续执行。（新浪）,新浪,未透露
受近期市场波动等影响，理财新规可能将延期发布,2018-07-08 10:04:21,http://weekly.caixin.com/2018-07-06/101294487.html,据财新网报道称，理财新规已于2018年6月22日在小范围内征求完意见，本有望于6月末7月初推出；但国内外市场环境变化太快，股市、债市、汇市均有大幅波动，监管部门考虑到市场情绪，还会观望一段时间。另外各部委对理财新规提出了一些修订意见，因此还需要再修订、再上报，从博弈到最终出台，相关流程也还有一段时间。,36Kr,未透露
国家医保局：将开展专项招标采购，加快抗癌药降价,2018-07-08 09:09:42,http://www.egsea.com/index.php?app=Company&mod=Info&act=news&id=262941,从国家医疗保障局了解到，对于目录内的抗癌药，下一步将开展专项招标采购，在充分考虑降税影响的基础上，通过市场竞争实现价格下降。对于医保目录外的抗癌药，国家医保局将开展准入谈判，与企业协商确定合理的价格后纳入目录范围，有效平衡患者临床需求、企业合理利润和基金承受能力。（央视新闻）,央视新闻,未透露
文化和旅游部：紧急排查，下架不合格自助游产品,2018-07-07 16:45:58,http://www.mcprc.gov.cn/whzx/whyw/201807/t20180707_833696.htm,36氪讯，文化和旅游部印发关于进一步加强出境自助游相关工作的紧急通知，要求在线旅游企业和平台、旅行社开展紧急排查，下架一批不合格自助游产品。在线旅游企业和平台需完善出境自助游应急机制，及时进行风险提示。,36Kr,未透露
黄益平：中国金融科技鱼龙混杂的时代已过去，即将走向分化,2018-07-07 12:06:35,https://finance.qq.com/a/20180707/013492.htm,北京大学数字金融研究中心主任黄益平判断，中国的金融科技企业要持牌经营，接受监管，最后出现很大的分化：技术与金融形成新的合作与分工，擅长做技术的让他做技术，擅长做金融的让他做金融，既擅长技术又擅长金融的，要当做金融机构来监管。（腾讯）,腾讯,未透露
中国首个护理服务业改革发展指导意见出台,2018-07-06 21:39:09,http://www.chinanews.com/gn/2018/07-06/8558964.shtml,中国国家卫生健康委员会、国家发改委、教育部等11个部门6日联合印发《关于促进护理服务业改革与发展的指导意见》。这是国家层面对护理服务业改革与发展所作的首个顶层设计。引导和鼓励社会力量以多种形式投入护理服务业领域，扩大护理服务供给，有效提高服务质量和效率是《意见》制定的基本原则之一。（中新社）,中新社,未透露
国资委：加快推进中央企业IPv6部署应用工作,2018-07-06 20:10:19,"http://news.cnstock.com/news,bwkx-201807-4243283.htm",国资委今日召开中央企业IPv6规模部署应用工作推进视频会议。国资委秘书长阎晓峰在会上强调，中央企业要充分认识肩负的责任和使命，坚决贯彻落实党中央、国务院有关工作部署，要在落实《推进互联网协议第六版（IPv6）规模部署行动计划》和国家网络强国战略中发挥骨干和引领作用。（中国证券网）,中国证券网,未透露
中国药品审评审批用时进一步压缩,2018-07-06 19:57:57,http://www.xinhuanet.com/fortune/2018-07/06/c_1123090440.htm,从全国药品监管工作座谈会上获悉，中国药品审评审批用时进一步压缩，待审评的药品注册申请已由2015年高峰时的2.2万件降至3200件以内。创新药物和医疗器械审评审批进一步加快，截至今年6月底，共对29批597件药品注册申请进行优先审评审批，审核批准了39个创新医疗器械和4个优先审批医疗器械产品。（新华社）,新华社,未透露
中央深改委会议要求完善促进消费体制机制,2018-07-06 19:10:37,,中央深改委会议要求完善促进消费体制机制，增强消费对促进经济发展的基础性作用。（CCTV）,CCTV,未透露
上海市网信办责令“第一弹”关闭问题版区7天,2018-07-06 18:47:57,https://mp.weixin.qq.com/s/mXj1XbeHufGnqXR6tvaQ_A,36氪讯，根据网民举报，上海市网信办核查发现“第一弹”网站存在宣扬法西斯主义、德国纳粹等内容及衣着暴露、性暗示等低俗庸俗内容，违背社会主流价值观，对网上舆论生态造成恶劣影响。网信办责令“第一弹”进行全面整改，从2018年7月6日20:00起，关闭网站及手机客户端4个问题严重版区7天，彻底自查自清存量违法违规信息和低俗不良内容，杜绝类似情况再次发生。,36Kr,未透露
中欧所发布D股上市协议通用条款,2018-07-06 18:44:08,"http://news.cnstock.com/news,bwkx-201807-4243226.htm",《通用条款》主要规定了发行人上市资格条件、上市后持续义务，以及中欧所在推动D股市场建设方面所提供的服务。在发行人上市资格条件方面，发行人应依据《中华人民共和国公司法》设立，其股票应获得法兰克福证券交易所欧盟监管市场高级标准准入。（中证网）,中证网,未透露
证监会发布修改后的并购重组委工作规程,2018-07-06 17:56:09,http://www.csrc.gov.cn/pub/newsite/zjhxwfb/xwdd/201807/t20180706_340831.html,36氪讯，证监会此次修改《并购重组委工作规程》主要涉及八个方面的内容，包括建立专项监察机制、适度扩大委员会规模、调短委员任职期限等。为满足审核需求，保证审核工作正常有序开展，委员总人数由35名增加至40名，内部委员不超过11名。将委员每届任期2年改为每届任期1年，连续任期最长不超过2届。,36Kr,未透露
央行屏蔽“出海”虚拟货币交易平台：110个网站（火币网、币安网等）已被屏蔽,2018-07-06 16:12:07,,中钞区块链技术研究院院长张一锋表示，近期人民银行会同相关部门采取了一系列针对性清理取缔措施，防范化解可能形成的金融风险与道德风险。具体措施包括：组织屏蔽“出海”虚拟货币交易平台。截至2018年5月，110个网站（包括火币网、币安网等交易平台）已被屏蔽。（中国证券网）,中国证券网,未透露
2018年保险中介机构现场检查全面启动,2018-07-06 14:37:17,,银保监会近日向各地保监局下发通知，要求切实做好2018年保险中介机构现场检查工作。据了解，此次现场检查工作于今年6月至8月实施，具体分为四部分：互联网保险业务合规性检查、保险中介机构业务合规性检查、保险公估机构业务备案合规性检查、“精准打击行动”检查。（中国证券网）,中国证券网,未透露
知情人士：中国考虑2019年将电动汽车的财政补贴削减逾三成,2018-07-06 13:20:39,,知情人士称，中国正在考虑明年进一步削减电动汽车补贴计划，因政府希望以此敦促汽车制造商依靠技术创新，而不是财政补贴来开发新能源汽车。知情人士称，明年电动汽车的平均补贴可能会比2018年降低逾三成。新政策还包括一次充电续航达到200公里及以上的电动汽车才能获得财政补贴，目前的要求为150公里。（彭博）,彭博,未透露
版权改革引无数人反对，欧盟决定重新制定草案,2018-07-06 12:55:24,http://tech.sina.com.cn/i/2018-07-06/doc-ihexfcvk4191163.shtml?cre=tianyi&mod=pctech&loc=1&r=25&doct=0&rfunc=5&tj=none&tr=25,欧盟准备修改版权法，强迫谷歌、Facebook及其它科技巨头与出版商、 广播员、艺术家分享营收，但是经过网络公司的游说之后，欧盟立法者态度改变，立场不再强硬。周四立法者发起投票，根据委员会的建议，投票做出决定，暂时不与欧盟成员国谈判协调，现在议会必须先修改提案，9月份再投票，通过之后才能与欧盟成员国谈判协商。（新浪）,新浪,未透露
国内88家虚拟货币交易平台和85家ICO交易平台基本实现无风险退出,2018-07-06 11:30:20,"http://news.cnstock.com/news,bwkx-201807-4243046.htm",中钞区块链技术研究院院长张一锋介绍，各地搜排出的国内88家虚拟货币交易平台和85家ICO交易平台基本实现无风险退出；以人民币交易的比特币从之前全球占比90%以上，下降至不足1%，有效阻隔了虚拟货币价格暴涨暴跌对我国的消极影响，避免了一场虚拟货币泡沫。（中证网）,中证网,未透露
浙江省长：加快实施数字经济“一号工程”,2018-07-06 10:57:33,,5日，浙江省长袁家军主持省政府专题会议听取并研究《浙江省国家数字经济示范省建设方案》、《浙江省数字经济五年倍增计划》和高质量发展指标体系编制工作。他强调要充分发挥浙江省数字经济先发优势，加快实施数字经济“一号工程”。（浙江日报）,浙江日报,未透露
北京新机场2019年9月30日投入运营,2018-07-06 10:56:36,,民航局在北京新机场施工建设现场召开北京新机场工程竣工倒计时一周年建设与运营筹备攻坚动员会。会上发布了《北京新机场建设与运营筹备总进度综合管控计划》，明确北京新机场及其配套工程将在2019年6月30日竣工验收，2019年9月30日投入运营。（法制晚报）,法制晚报,未透露
武汉实行二手房房源网上挂牌交易,2018-07-06 10:45:54,http://www.xinhuanet.com/local/2018-07/06/c_1123087905.htm,武汉市日前正式启动二手房房源网上挂牌交易，每套上市二手房都将拥有唯一的“身份证”，房源信息真实透明。这将有利于消除虚假房源、中介“吃差价”等市场乱象。（新华社）,新华社,未透露
英国建立国家行车记录仪数据库,2018-07-06 10:17:52,https://www.iyiou.com/breaking/17196,英国建立了新的国家行车记录仪数据库，司机现在可以直接向警察举报同行不良司机。该数据库由英国行车记录仪制造商Nextbase负责运营，可让司机把他们行车记录仪录制的视频上传至单一数据库，可直接发送给警察。（亿欧）,亿欧,未透露
国家重点研发计划“智能机器人”重点专项项目启动会召开,2018-07-06 10:06:09,http://www.miit.gov.cn/n1146290/n1146402/n1146445/c6241792/content.html,36氪讯，国家重点研发计划“智能机器人”重点专项项目启动与实施方案论证会在哈召开。“人机协作型移动式双臂灵巧作业机器人”“大型复杂结构机器人智能激光焊接技术及系统”“电石冶炼出炉作业机器人系统研发及示范应用”3个项目正式启动。,36Kr,未透露
天津出台智能网联汽车道路测试管理办法,2018-07-06 10:04:42,,近日，天津市交通运输委、市工业和信息化委、市公安局联合编制出台了《天津市智能网联汽车道路测试管理办法(试行)》，以保障智能网联汽车道路测试工作安全有序地开展。（人民日报）,人民日报,未透露
阿里、蚂蚁金服集团将入驻海口互联网总部经济聚集区,2018-07-06 09:31:12,,海口复兴城成立互联网总部经济聚集区，阿里、蚂蚁金服集团将率先入驻，建设面向21世纪海上丝绸之路的区域总部。（海南日报）,海南日报,未透露
广州地铁将迎来“刷脸”安检，为全国首例,2018-07-06 09:10:55,,广州地铁安检将率先试水“人脸识别”技术，目前已在珠江新城站、万胜围站、嘉禾望岗站设置人工智能安检门，但暂时未向乘客启用。据介绍，无行李或小包行李的乘客可直接刷脸“快速安检”，广州地铁将成为全国首例试点应用人脸识别技术的轨道交通快速安检项目。（广州日报）,广州日报,未透露
交通运输部规范自动驾驶封闭场地建设,2018-07-06 09:08:55,http://www.mot.gov.cn/jiaotongyaowen/201807/t20180706_3043345.html,36氪讯，交通运输部近日出台了《自动驾驶封闭场地建设技术指南（暂行）》。这是国家部委出台的第一部关于自动驾驶封闭测试场地建设技术的规范性文件，旨在规范自动驾驶封闭测试场地建设要求，指导各地各单位开展自动驾驶封闭场地建设，更好服务封闭场地测试工作及自动驾驶技术发展，有力支撑交通强国建设。,36Kr,未透露
海外人才望而却步，以色列科技企业遭遇人才困境,2018-07-06 08:35:25,http://tech.qq.com/a/20180705/034328.htm,据英国《金融时报》报道，最近一段时间的以色列科技企业发现自己遭遇了前所未有的人才困境，许多海员科技人才因为签证、薪酬和安全等方面的原因对投身该国科技行业迟迟无法下定决心，而这也导致这一“全球第二硅谷”的发展陷入“缓冲期”。（腾讯）,腾讯,未透露
美政府“扶植”排行榜曝光：特斯拉获35亿美元补贴,2018-07-06 07:47:37,http://tech.huanqiu.com/it/2018-07/12423670.html,根据非营利组织“好工作优先”最近发布的一份报告，在科技公司获取政府补贴方面，加州电动车制造商特斯拉公司名列前茅。自从2007年以来，特斯拉一共获得了35亿美元的政府补贴。（环球网）,环球网,未透露
杭州市政府办公厅：打造具有国际竞争力的智能经济产业基地,2018-07-05 19:35:58,http://www.hangzhou.gov.cn/art/2018/7/5/art_1416270_19255288.html,36氪讯，月5日，杭州市人民政府办公厅答复浙江省政协十二届一次会议上提出的《关于加强杭州智慧都市圈建设的建议》（第48号），称在推动杭州智慧都市圈建设的对策中指出，要巩固扩大数字经济在全国的领跑优势，打造具有国际竞争力的智能经济产业基地。聚焦新一轮产业科技革命，超前谋划布局虚拟现实、区块链、量子通讯、增材制造、商业航天、生命健康等一批重量级未来产业。,36Kr,未透露
海南计划至2020年汽车平行进口累计突破1万辆,2018-07-05 15:44:58,http://www.hainan.gov.cn/hn/zwgk/zfwj/bgtwj/201807/t20180705_2681158.html,36氪讯，海南省政府办公厅公布的《海口港汽车平行进口试点实施方案》指出，海南将以自贸区(港)建设为契机，争取到2020年汽车平行进口累计突破1万辆，销售额突破70亿元人民币。,36Kr,未透露
中国移动推动5G保留GSM网络，将在2020年前实现3G退网,2018-07-05 13:16:42,http://www.techweb.com.cn/tele/2018-07-05/2682870.shtml,中国移动发布的《5G中端产品指引》明确，将在2020年前实现3G退网。今年9月采购测试终端、连接型CPE，并需要厂商在11月交付；明年2月将采购智能手机，连接/融合型CPE、VR/AR产品，并要求厂商在明年4月交付；在明年7月采购智能手机、VR/AR、5G模组，并需要厂商在明年9月交付。（TechWeb）,TechWeb,未透露
电动自行车转为实施强制性产品认证,2018-07-05 12:15:16,http://samr.saic.gov.cn/gg/201807/t20180704_274875.html,36氪讯，市场监管总局、认监委昨日联合发布的《关于发布电动自行车产品由许可转为实施强制性产品认证管理安排的公告》指出，中国的电动自行车产品生产许可证管理将转为CCC认证管理。过渡期自2018年8月1日起至2019年4月14日止，自2019年4月15日起，电动自行车产品未获得CCC认证的，不得出厂、销售、进口或者在其他经营活动中使用。,36Kr,未透露
广州将建智慧交通示范城市，自动驾驶封闭测试区拟选址花都区和韶关,2018-07-05 11:34:29,,广州宣布将建设具有全球影响力的智能网联汽车新高地和智慧交通示范城市。广州自动驾驶车辆进入路面测试阶段。广州计划在2018年内完成封闭测试区选址、规划、设计，并开展半封闭测试区建设工作。目前封闭测试区拟选址花都区和韶关新丰县，预计总投资46亿元。（南方都市报）,南方都市报,未透露
江苏省委书记娄勤俭会见刘强东：着力推进交通物流体系建设和完善,2018-07-05 09:51:51,,江苏省委书记娄勤俭在北京会见京东集团董事局主席兼首席执行官刘强东，表示将大力支持京东集团在江苏进一步发展。娄勤俭指出，江苏正在加快构建交通物流融合发展新体系，切实降低物流成本。希望双方加强有关专项规划衔接融合，深化项目落地措施。（新华日报）,新华日报,未透露
委内瑞拉计划利用Petro支持住房解决方案,2018-07-05 09:09:47,,委内瑞拉生态环境和住房部长近日透露，该国政府正计划利用其石油支持的数字货币Petro为房屋建设提供资金。这些房屋的融资将作为该国住房项目GMVV的一部分，为无家可归的家庭提供住房解决方案。委内瑞拉总统马杜罗批准使用750亿玻利瓦尔（价值约75万美元）和90.9万枚Petro的资金来建造新房屋。（CCN）,CCN,未透露
北京明年底全市将实现道路停车电子收费全覆盖,2018-07-05 08:51:47,http://www.bjnews.com.cn/news/2018/07/05/493831.html,目前，北京城六区和通州区路侧停车电子收费覆盖道路已增至43条，电子收费停车位已增至4800余个。昨日，北京市交通委停车管理事务中心、石景山区交通委、朝阳区交通委相关负责人介绍了路侧停车电子收费实施进展。根据规划，2019年12月1日起，北京全市将实现道路停车电子收费全覆盖。（新京报）,新京报,未透露
冰岛正在接受比特币矿场,2018-07-05 08:46:16,,冰岛正在接受比特币矿场，现在该国正在利用比特币矿工所依赖的基础设施来为自动驾驶等技术创造应用和产品。（彭博）,彭博,未透露
人民日报：第一阶段国际标准出台 5G加速度配套需同步,2018-07-05 07:34:26,http://media.people.com.cn/GB/n1/2018/0705/c40606-30126648.html,《5G承载需求白皮书》发布，指出5G网络在三大业务场景应用时，业界应继续加强关键技术研发、应用方案完善及产业化进程，形成完善的5G承载方案，全力支撑和迎接5G商用时机到来。关键是要加大电信业之间、电信公司与互联网公司的市场竞争，把选择权交到用户手中，让老百姓享受到实实在在的5G红利。（人民日报）,人民日报,未透露
海南：个人可以申请开发无人海岛，可用于娱乐等行业,2018-07-04 21:21:00,http://www.chinanews.com/gn/2018/07-04/8556592.shtml,海南省海洋与渔业厅4日公布《海南省无居民海岛开发利用审批办法》，明确单位或个人申请开发利用无居民海岛，应向省级海洋行政主管部门提出申请，并提交无居民海岛开发利用申请书、具体方案和项目论证报告。办法明确，无居民海岛开发利用的最高期限，参照海域使用权的有关规定执行：养殖用岛十五年；旅游、娱乐用岛二十五年；盐业、矿业用岛三十年；公益事业用岛四十年；港口、修造船厂等建设工程用岛五十年。（中新网）,中新网,未透露
发改委：积极推动新能源汽车发展,2018-07-04 17:27:53,http://www.ndrc.gov.cn/gzdt/201807/t20180704_891813.html,36氪讯，发改委起草《汽车产业投资管理规定（征求意见稿）》，提出积极推动新能源汽车健康有序发展，着力构建智能汽车创新发展体系。鼓励汽车产能利用率低的省份和企业加大资金投入和兼并重组力度。科学规划新能源汽车产业布局，鼓励现有传统燃油汽车企业加大资金投入，调整产品结构，发展新能源汽车产品。严格新建纯电动汽车企业投资项目管理，防范盲目布点和低水平重复建设。,36Kr,未透露
广东发布电动汽车用电价格，充电服务费最高不超过0.8元/千瓦时,2018-07-04 16:04:14,,"广东省发改委发布了《关于我省新能源汽车用电价格有关问题的通知》。通知指出，全省各类已安装独立电表的电动汽车充电设施用电均免收基本电费,各地级以上市价格主管部门制定的各类电动汽车充电服务费标准上限，最高不得超过每千瓦时0.8元，原上限低于0.8元的地方可继续执行原有政策及标准。（新浪）",新浪,未透露
天津市出台智能网联汽车道路测试管理办法,2018-07-04 15:48:43,http://www.xinhuanet.com/2018-07/04/c_1123078700.htm,天津市出台了《天津市智能网联汽车道路测试管理办法（试行）》。据介绍，此次出台的管理办法共十九项条款，其主要内容包括明确制定依据、适用范围、指导原则。下一步将尽快选定并公布开放测试道路，向审核通过的自动驾驶测试申请企业发放天津市智能网联汽车开放道路行驶车号牌。（新华网）,新华网,未透露
加州法律规定公司必须允许客户在线取消订阅,2018-07-04 08:30:01,https://www.cnbeta.com/articles/tech/742831.htm,据外媒CNET报道，一项于7月1日正式生效的加利福尼亚州法律旨在让客户更容易在线取消订阅。 这项法律规定，在线接受自动续订或连续服务的客户必须能够在线取消服务。这项法律意味着加州民众不再需要通过打给客户服务热线来取消新闻订阅，音乐流媒体或用餐计划等服务。（cnBeta）,cnBeta,未透露
美商务部对中兴通讯暂时部分解禁,2018-07-04 07:13:55,http://m.news.cctv.com/2018/07/04/ARTIifDwujUCQtQn6C42R3yy180704.shtml,美国东部时间7月2日，美国商务部发布公告，暂时、部分解除对中兴通讯公司的出口禁售令。​公告称：从公告发布之日起至8月1日，在有限条件下解除对中兴通讯公司的出口禁令。美国商务部公共事务总监丽贝卡·格洛弗表示，对中兴通讯的7年禁售令并未正式取消。这份公告的授权对象是已经与中兴通讯开展业务的公司，期限是一个月。（央视新闻客户端）,央视新闻客户端,未透露
日本大力培养人工智能技术人才，中国留学生或可本硕连读,2018-07-03 17:03:40,https://www.thepaper.cn/newsDetail_forward_2236193,日本文部科学省敲定，从2019年6月开始，日本AI相关专业的大学院可以引进本硕连读的机制。日本在AI人才培养上，还专门提出要将同领域的创业环境完善到能跟中国持平的程度。对于中国留学生来说，日本有望继美国之后，成为学习AI技术的理想国家，并且可以享受本硕连读的优待。（中国侨网）,中国侨网,未透露
工信部：加快实施工业互联网APP培育工程,2018-07-03 15:09:44,http://www.miit.gov.cn/n1146290/n1146397/c6245768/content.html,36氪讯，工信部总经济师王新哲在2018软博会“定义新标准、筑基新科技——核心软件发展”论坛上指出，下一步，工信部将研究制定推动软件产业高质量发展的政策措施，着力突破软件领域核心技术，持续推动开源软件和开源模式发展普及，加快实施工业互联网APP培育工程，继续推动中国软件名城发展提升。,36Kr,未透露
工信部印发《新能源汽车动力蓄电池回收利用溯源管理暂行规定》,2018-07-03 14:12:00,http://www.miit.gov.cn/n1146295/n1652858/n1652930/n4509607/c6245375/content.html,36氪讯，工信部印发《新能源汽车动力蓄电池回收利用溯源管理暂行规定》，对动力蓄电池生产、销售、使用、报废、回收、利用等全过程进行信息采集，对各环节主体履行回收利用责任情况实施监测。,36Kr,未透露
李小加：香港新股破发是供需双方博弈结果，反映市场正常买卖关系,2018-07-03 13:35:05,http://kuaixun.stcn.com/2018/0703/14360477.shtml,面对近期赴港上市的新股大面积破发，港交所行政总裁李小加表示，香港市场是一个大海市场，连接全球资金，因此只要有很好的估值，很好的公司，钱是不愁的，我们不是有限的池子，近期新股的破发这都是二级市场价格的变化，对于价格的变化是由市场的两方-供应方和需求方互相博弈出来的价格，所以它仍然反映了市场正常的买卖关系。（证券时报）,证券时报,未透露
李小加：内地会按自身适合发展方向推进CDR,2018-07-03 13:29:47,http://finance.sina.com.cn/7x24/2018-07-03/doc-ihevauxi5421310.shtml,港交所行政总裁李小加就小米集团招股反应一般表示，港交所不会监管资产价格涨跌，无论新股上市后跌穿招股价或股价暴涨，都是由买卖双方决定。对于有传内地暂缓发行CDR，他认为是市场短期波动的结果，相信当局会平衡各方因素，按自身适合的发展方向推进。（新浪）,新浪,未透露
2020年我国将建成700个国家重点实验室,2018-07-03 11:31:56,,日前，科技部公开发布《关于加强国家重点实验室建设发展的若干意见》，到2020年，国家重点实验室的整体水平、开放力度、科研条件和国际影响力显著提升。经优化调整和新建，国家重点实验室总量保持在700个左右。（财联社）,财联社,未透露
中国移动将在新加坡建立第二个亚太数据中心,2018-07-03 09:31:40,http://tech.huanqiu.com/comm/2018-07/12396990.html,据外媒消息，中国移动已开始在新加坡建设数据中心，建成后的中心将能容纳2100架机柜，是中国移动在亚太地区的第二个建设数据中心，将支持其全球网络。该数据中心被认为是中国移动在国内市场之外“最重要”的网络枢纽之一。（环球网）,环球网,未透露
深圳后年要建成全国首个城市级智慧停车云平台,2018-07-03 08:45:27,,深圳发改委7月2日发布《深圳市停车设施建设专项规划(2018-2020)》。规划提出，到2020年推动10万个以上泊位建设(不含配建类35万个)，重点缓解医院、公园、学校、机关、交通枢纽、旅游景区等公共设施集中区及老旧居住(小)区停车难问题，并率先构建全国首个城市级智慧停车云平台。（南方都市报）,南方都市报,未透露
人民日报评运营商取消流量漫游费：让利于民就是为民谋利,2018-07-03 07:29:06,http://paper.people.com.cn/rmrb/html/2018-07/03/nw.D110000renmrb_20180703_2-05.htm,《人民日报》发表评论称：“这次在取消手机漫游费的基础上取消流量漫游费，满足的正是人们消费升级的诉求。取消异地流量漫游费，可以有针对性地缓解人们在移动互联时代的“流量焦虑”，增强人们移动网上生活的获得感。让利于民，就是为民谋利。网络是虚拟的，但民生红利是实打实的，可以说，提速降费是以人民为中心的发展思想在通信领域的体现。”（人民日报）,36Kr,未透露
北京首次为自动驾驶初创企业发放路测牌照,2018-07-03 07:22:42,http://www.xinhuanet.com/local/2018-07/02/c_1123068674.htm,小马智行（Pony.ai）获得了这批T3级别的牌照，即将在北京市划定的公开道路进行实测。T3牌照是北京市目前颁出的最高级别路测牌照。（新华社）,新华社,未透露
日本或根据不同的法律来监管加密货币交易所,2018-07-03 07:18:48,,日本可能会根据不同的法律来监管众多加密数字货币交易所。（日本产经新闻）,日本产经新闻,未透露
印度数字货币交易所将绕过RBI禁令，启动P2P交易服务,2018-07-02 21:44:40,,印度数字货币交易所将绕过RBI禁令，启动P2P交易服务。（Bitcoin.com）,Bitcoin.com,未透露
工信部：将出台扩大和升级信息消费三年行动计划,2018-07-02 15:05:56,http://www.miit.gov.cn/newweb/n1146290/n1146402/n1146440/c6242820/content.html,36氪讯，工信部信息化和软件服务业司近日组织召开信息消费发展座谈会，中国信息通信研究院及来自腾讯、阿里、百度、咪咕、京东、小米、携程、美团等15家企业代表参会。下一步，该司将进一步营造良好环境，激发市场活力，释放消费潜力，一是出台《扩大和升级信息消费三年行动计划》，二是编制信息消费案例集，三是创建一批信息消费示范城市，四是推动设立信息消费专项统计制度，进一步打造信息消费升级版。,36Kr,未透露
北京经济信息化委：城市副中心将大发展大数据、区块链等产业,2018-07-02 12:15:59,http://finance.sina.com.cn/7x24/2018-07-02/doc-ihespqry5185377.shtml,北京市经济和信息化委员会智慧城市建设处（大数据应用处）副处长刘旭今日表示，整个北京城市副中心也是全北京未来大数据产业的一个落地聚集区，或者称之为一个数字产业的集群，将会重点发展大数据、人工智能、云计算、区块链等。“在通州相关的一个产业园区已经做了一定的部署，并且和传统产业升级有机地关联在一起。”（新浪）,36Kr,未透露
发改委：电动汽车免收容量电费期限延长至2025年,2018-07-02 11:40:08,http://www.ndrc.gov.cn/gzdt/201806/t20180629_891470.html,36氪讯，国家发改委今日发布《关于创新和完善促进绿色发展价格机制的意见》，在完善部分环保行业用电支持政策方面，2025年底前，对实行两部制电价的污水处理企业用电、电动汽车集中式充换电设施用电、港口岸电运营商用电、海水淡化用电，免收需量（容量）电费。,36Kr,未透露
京津冀科技资源创新服务平台建成,2018-07-02 10:50:40,http://www.xinhuanet.com/2018-07/02/c_1123065147.htm,为实现京津冀科技资源信息共享，推动协同创新，京津冀科技资源创新服务平台日前建成，可实现三地科技资源的数字化查询。（新华社）,新华社,未透露
雄安新区申建跨境电商试验区，利好行业快速发展,2018-07-02 09:49:24,https://www.yicai.com/news/5435916.html,近日，河北省人民政府办公厅印发的《关于推进新时代外贸高质量发展实施方案的通知》提到，支持雄安新区申建国家跨境电子商务综合试验区。跨境电商综合试验区有助于打造跨境电子商务完整的产业链和生态链，雄安新区若成功申建国家跨境电子商务综合试验区，有助于加快推进全国跨境电子商务健康发展进程。（一财）,一财,未透露
下半年IPO料拓展穿透式审核,2018-07-02 07:19:27,http://www.egsea.com/index.php?app=Company&mod=Info&act=news&id=259647,今年上半年，证监会发审委共审核108家公司的首发申请，58家获通过，过会率为53.7%，创近年新低。展望下半年，A股IPO审核将保持现有良好态势，继续“重质不重量”，严格保荐人责任，拓展穿透式审核，增强形式上的灵活性，总体“严谨穿透、积极向上”。同时，“带病”IPO企业撤回数量会进一步增加，券商严把关会成为常态。（中国证券报）,中国证券报,IPO
北京市网信办、市工商局联合约谈抖音、搜狗等公司并要求专项整改,2018-07-01 15:36:39,https://mp.weixin.qq.com/s/NmMyD-ooPPxXXKVHvECdjA,36氪讯，国家网信办指导北京市网信办会同北京市工商局依法联合约谈抖音、搜狗、北京多彩互动广告有限公司、北京爱普新媒体科技有限公司、霍尔果斯宝盛广告有限公司，针对抖音在搜狗搜索引擎投放的广告中出现侮辱英烈内容问题，要求五家公司自约谈之日起启动广告业务专项整改。,36Kr,未透露
三大运营商今起取消流量漫游费,2018-07-01 10:41:09,,36氪讯，三大运营商正式取消流量“漫游费”，即不再单独划分出省内流量，全部合并为国内流量。,36Kr,未透露
今日起，第三方网络支付全面接入网联清算平台,2018-06-30 12:10:06,http://tech.qq.com/a/20180630/014143.htm,2017年8月，央行支付结算司印发《中国人民银行支付结算司关于将非银行支付机构网络支付业务由直连模式迁移至网联平台处理的通知》。通知表示，自2018年6月30日起，支付机构受理的涉及银行账户的网络支付业务全部通过网联平台处理。（中国经济网）,中国经济网,未透露
全国股转公司将对103家未披露年报公司实施强制摘牌,2018-06-30 10:40:18,,截至2018年6月29日，除提交主动终止挂牌申请的公司外，共有103家挂牌公司未披露2017年年度报告。根据《全国中小企业股份转让系统业务规则（试行）》有关规定，全国股转公司将终止其股票挂牌。 （央视新闻）,36Kr,未透露
商务部：审议通过《关于修改〈外商投资企业设立及变更备案管理暂行办法〉的决定》,2018-06-29 19:51:07,http://www.mofcom.gov.cn/article/b/c/201806/20180602761078.shtml,36氪讯，商务部：《关于修改〈外商投资企业设立及变更备案管理暂行办法〉的决定》已经商务部第4次部务会议审议通过，现予公布，自2018年6月30日起施行。,36Kr,未透露
加州通过全美最严隐私保护法,2018-06-29 19:37:05,https://www.jiemian.com/article/2271285.html,全美最严格的隐私保护法《2018加州消费者隐私法案》在美国硅谷所在地加利福尼亚州的参众两院一致通过，并由州长布朗签署生效。（界面）,界面,未透露
央行：提高支付机构客户备付金集中交存比例,2018-06-29 19:24:09,http://www.pbc.gov.cn/zhengwugongkai/127924/128038/128109/3568586/index.html,36氪讯，中国央行：自2018年7月9日起，按月逐步提高支付机构客户备付金集中交存比例，到2019年1月14日实现100%集中交存。,36Kr,未透露
沪指低于3000点将不推进CDR？证监会：依然按规推进,2018-06-29 16:37:33,https://www.yicai.com/brief/10114703.html,资本市场有消息称，如果沪指低于3000点，证监会将不会推进CDR。证监会对此回应称，不对市场表现做任何评价，但是CDR工作会依然按照规定依法推进。（一财）,一财,未透露
个税时间表：5000元起征点新政有望10月1日起施行,2018-06-29 12:44:15,https://www.yicai.com/news/5435493.html,个税修正案提出在2019年1月1日施行，但在施行前，自2018年10月1日至2018年12月31日，纳税人的工资、薪金所得，先行以每月收入额减除费用五千元后的余额为应纳税所得额，并按照新的税率表来计算纳税款。这意味着个税减税红包有望在10月1日起施行。（一财）,一财,未透露
《中华人民共和国个人所得税法修正案（草案）》全文公布,2018-06-29 10:49:57,,36氪讯，​中国人大网公布《中华人民共和国个人所得税法修正案（草案）》全文，并向社会公开征集意见，征求意见截止日期为7月28日。,36Kr,未透露
长沙推出最强区块链专项扶持政策，企业落户就奖200万,2018-06-29 10:23:54,https://www.jiemian.com/article/2270123.html,据红网消息，日前，长沙经济技术开发区管委会下发红头文件《长沙经开区关于支持区块链产业发展的政策（试行）》，对鼓励扶持区块链产业在开发区的发展做了具体工作布置。文件提及将设立总额30亿元的区块链产业基金，投资区块链企业。区块链企业自落户之日起，3年内给予最高200万元的扶持资金。,36Kr,未透露
加州通过数据隐私法案，增强用户对信息控制权,2018-06-29 09:12:21,https://tech.sina.com.cn/i/2018-06-29/doc-iheqpwqy6213316.shtml,美国加州州长杰瑞·布朗周四签署了一项数据隐私法案，目的是让用户对公司收集和管理个人信息的方式有更多控制权。此前，谷歌和其他大公司抗议这项立法造成了过多的障碍。根据立法草案，从2020年开始，掌握超过5万人信息的公司必须允许用户查阅自己被收集的数据，要求删除数据，以及选择不将数据出售给第三方。（新浪）,新浪,未透露
央行数字货币研究所已有63项专利申请，数字货币钱包今年最热门,2018-06-29 07:34:03,http://epaper.zqrb.cn/html/2018-06/29/content_318884.htm,据国家知识产权局官网查询，截至6月28日，央行数字货币研究所已公布申请63项专利，2017年公布申请专利57项，2018年共有6项，但值得注意的是，其中有4项涉及数字货币钱包。4项关于数字货币钱包的发明各有侧重，集中解决数字钱包登陆、同步、注销、关联账户查询等方面存在的技术缺陷和问题。（证券日报）,证券日报,未透露
发改委、商务部发布《外商投资准入特别管理措施（负面清单）》,2018-06-28 21:34:06,http://www.ndrc.gov.cn/zcfb/zcfbl/201806/t20180628_890730.html,36氪讯，据发改委网站消息，《外商投资准入特别管理措施（负面清单）（2018年版）》已经党中央、国务院同意，现予以发布，自2018年7月28日起施行。,36Kr,未透露
杭州互联网法院首次确认区块链电子存证法律效力,2018-06-28 17:35:02,http://www.xinhuanet.com/2018-06/28/c_1123051280.htm,杭州互联网法院今日对一起侵害作品信息网络传播权纠纷案进行了公开宣判，首次对采用区块链技术存证的电子数据的法律效力予以确认。（新华社）,新华社,未透露
工信部公示全国区块链和分布式记账技术标准化技术委员会筹建方案,2018-06-28 16:51:40,http://zmhd.miit.gov.cn:8080/opinion/noticedetail.do?method=notice_detail_show&noticeid=1961,36氪讯，工信部消息，根据产业需求，有关单位提出了全国区块链和分布式记账技术标准化技术委员会的筹建申请。为进一步听取各方意见，现予以公示，截止日期2018年7月27日。,36Kr,未透露
美国俄亥俄州立法机构通过区块链法案,2018-06-28 14:59:34,http://finance.sina.com.cn/stock/usstock/c/2018-06-28/doc-iheqpwqy1644283.shtml,俄亥俄州将为区块链商业交易提供法律支持，此前该州议会周三进行了投票。周三晚上，俄亥俄州参议院签署了参议院法案222，这是一项网络安全法案，俄亥俄州的众议院成员已经将其修改为囊括区块链内容。修正案更新了现有的俄亥俄州关于电子交易的法律，也包括基于区块链的交易。它将递交给州长约翰·卡西奇签字。（鞭牛士）,鞭牛士,未透露
美研究称转基因标识不会吓跑消费者，反而有助于减少顾虑,2018-06-28 12:58:03,http://www.xinhuanet.com/2018-06/28/c_1123049532.htm,美国农业部正计划出台指南，考虑让产品标注是否含有转基因成分。２７日发表在美国《科学进展》杂志上的一项研究显示，标明食品中含有转基因成分并不会吓跑消费者，反而有助于减少他们对转基因产品的顾虑。（新华社）,新华社,未透露
30城将开展治理房地产乱象专项行动 重点打击投机炒房和“黑中介”,2018-06-28 11:37:10,"http://news.cnstock.com/news,bwkx-201806-4239405.htm",住建部会同中宣部、公安部、银保监会等部委，近日联合印发通知称，决定于今年7月初至12月底，在北京、上海等30个城市先行开展治理房地产市场乱象专项行动。行动将重点打击投机炒房行为和房地产“黑中介”，治理房地产开发企业违法违规行为和虚假房地产广告。（上证报）,上证报,未透露
工信部：聚焦自动驾驶系统等关键技术，加强研发攻关,2018-06-28 10:44:54,,工信部科技司巡视员毕开春表示，下一步工信部将坚持创新驱动，聚焦LTE-V2X、智能传感器、集成电路、操作系统、自动驾驶系统等关键技术，加强研发攻关。加快交通相关基础设施进行改造升级，推进车路协同发展。建立健全安全管理制度，完善安全保障体系。（上证报）,上证报,未透露
江苏上线全国首个支付宝“办事”小程序,2018-06-28 10:00:42,,江苏省政务服务管理部门人士表示，江苏上线全国首个支付宝“办事”小程序，在全国率先打造“一网通办”。今后江苏还将积极探索在人工智能、区块链等新技术的拓展应用。（南京日报）,南京日报,未透露
国家机器人创新中心在沈阳揭牌,2018-06-28 09:30:20,http://politics.people.com.cn/n1/2018/0628/c1001-30092362.html,近日，国家机器人创新中心在中科院沈阳自动化研究所揭牌，这是设立在辽宁的首个国家级制造业创新中心。该中心以沈阳智能机器人国家研究院有限公司为依托，由中科院沈阳自动化研究所牵头组建，按照企业化机制运行，包括14家股东单位。（人民日报）,人民日报,未透露
人民日报：向网络售假挥出重拳,2018-06-28 08:24:52,http://paper.people.com.cn/rmrb/html/2018-06/28/nw.D110000renmrb_20180628_1-14.htm,从立法到执法，国家有关部门正对线上售假挥出重拳。记者调查发现，短视频变身假货展柜，朋友圈频发高仿广告，二手平台成了售假温床……面对不断花样翻新的网络售假，需要持续加大整治力度。（人民日报）,人民日报,未透露
香港楼市新政本周出台 补助房售价可能降至5折,2018-06-28 08:20:21,,香港特区行政长官林郑月娥及行政会议可能于周四批准将资助房屋定价降至比市场价低约50%，以使市民更负担得起资助房屋。目前资助房屋定价较市场价低30%。（香港经济日报）,香港经济日报,未透露
废旧铅蓄电池收集将发放许可证,2018-06-28 07:08:10,,生态环境部正考虑对电池生产、冶炼处置企业的原料合法性进行执法检查。未来或对骨干企业发放废旧铅蓄电池收集许可证，并实施全国联网电子审批跨省转移联单。（中证报）,中证报,未透露
中宣部：治理影视行业天价片酬“阴阳合同”偷逃税等问题,2018-06-27 21:08:35,http://www.xinhuanet.com/2018-06/27/c_1123046209.htm,中央宣传部、文化和旅游部、国家税务总局、国家广播电视总局、国家电影局等联合印发《通知》，要求加强对影视行业天价片酬、“阴阳合同”、偷逃税等问题的治理。《通知》强调，现阶段严格落实已有规定，每部电影、电视剧、网络视听节目全部演员、嘉宾的总片酬不得超过制作总成本的40%，主要演员片酬不得超过总片酬的70%。（新华社）,新华社,未透露
国务院常务会议：要降低实体经济物流成本,2018-06-27 18:44:11,,国务院常务会议部署调整运输结构，提高运输效率，降低实体经济物流成本。（央广网）,央广网,未透露
贵州向全球发布总投资400多亿元100个招商引资项目,2018-06-27 17:26:36,http://www.xinhuanet.com/2018-06/27/c_1123045275.htm,在日前举行的贵州省金融机构助力产业大招商恳谈会上，贵州向全球发布了年度第四批100个招商引资项目，总投资达487.6亿元。截至目前，贵州省今年已面向全球发布招商引资项目500个，投资总额超5400亿元。（新华社）,新华社,未透露
工信部拟规划5905-5925MHz为车联网直连通信工作频段,2018-06-27 14:23:10,http://zmhd.miit.gov.cn:8080/opinion/noticedetail.do?method=notice_detail_show&noticeid=1960,36氪讯，据工信部官方网站，为促进智能网联汽车在中国的应用和发展，满足车联网等智能交通信息系统的发展需要，工信部拟规划5905-5925MHz频段作为基于LTE-V2X技术的车联网（智能网联汽车）直连通信的工作频段，现公开征求意见。,36Kr,未透露
公安部《网络安全等级保护条例》征求意见：严禁泄露个人信息,2018-06-27 11:54:52,http://www.mps.gov.cn/n2254536/n4904355/c6159136/content.html,36氪讯，公安部《网络安全等级保护条例（征求意见稿）》拟将网络分为五个安全保护等级，拟规定未经允许或授权，网络运营者不得收集与其提供的服务无关的数据和个人信息，不得违反法律、行政法规规定和双方约定收集、使用和处理数据和个人信息，不得泄露、篡改、损毁其收集的数据和个人信息，不得非授权访问、使用、提供数据和个人信息。,36Kr,未透露
“香港上市直通平台”启动，三年推动100家浙江中小企业上市,2018-06-27 11:51:54,http://www.egsea.com/index.php?app=Company&mod=Info&act=news&id=257843,昨天在杭州召开的浙江省中小企业“香港上市企业平台推荐会”上，由浙江省中小企业协会新投融资专委会牵头的“香港上市直通平台”正式启动。到2020年，准备推动100家中小企业在海内外资本市场主板上市。未来平台还将扩大到A股及其他海外市场主板上市的推荐。（杭州网）,杭州网,未透露
工业和信息化部将8城市纳入宽带接入网业务开放试点,2018-06-27 09:27:52,http://www.miit.gov.cn/n1146290/n4388791/c6233644/content.html,36氪讯，从工业和信息化部获悉，为进一步深化供给侧结构性改革，现决定将宽带接入网业务试点时间延长至2020年12月31日，并在前期开放试点基础上，将黑龙江、浙江、江西、山东、海南5个省全部城市和廊坊、秦皇岛、包头、鄂尔多斯、曲靖、玉溪、楚雄、红河8个城市（州）纳入试点范围。,36Kr,未透露
工信部：加快完善数字基础设施，提升数据安全水平,2018-06-27 09:20:41,http://www.miit.gov.cn/n1146290/n1146397/c6233619/content.html,36氪讯，工信部副部长罗文在大数据技术发展与融合应用研讨会上表示，工信部将以大数据和实体经济深度融合为重点，加快完善数字基础设施，推进数据资源整合和开放共享，提升数据安全水平。要从五个方面推动大数据发展并做好监管工作：一是夯实基础设施；二是强化技术能力；三是力促推广应用；四是完善发展环境；五是加强国际合作。,36Kr,未透露
美国佛罗里达州设立新职位，监督加密货币行业,2018-06-27 08:39:23,https://www.cnbeta.com/articles/tech/740535.htm,据Coindesk最新消息，美国佛罗里达州财务长Jimmy Patronis 周二在一份声明中表示，该州决定通过设立一个新的职位来监督加密货币行业。Patronis 解释说，新的监管人员将负责执行适用的法规，以保护投资者免受潜在的恶意行为者的伤害。（cnBeta）,cnBeta,未透露
发改委酝酿建立新能源智能化汽车整合研发平台,2018-06-27 07:06:39,http://dz.jjckb.cn/www/pages/webpage2009/html/2018-06/27/content_44668.htm,发改委相关负责人透露，新能源智能化汽车将在技术创新、产业生态、法规标准、产品监管、信息安全等方面构建战略体系。未来或许会成立国家层面的智能创新发展平台公司，推进新能源智能化汽车在基础设施标准、技术规则等方面的研究和发展。（经参）,经参,未透露
企业委托境外研究开发费用可按规定进行税前加计扣除,2018-06-26 20:47:05,http://www.xinhuanet.com/2018-06/26/c_1123040012.htm,为进一步激励企业加大研发投入，加强创新能力开放合作，自2018年1月1日起，明确企业委托境外进行研发活动所发生的费用，按照费用实际发生额的80%计入委托方的委托境外研发费用。委托境外研发费用不超过境内符合条件的研发费用三分之二的部分，可以按规定在企业所得税前加计扣除。（新华社）,新华社,未透露
北京工商部门等7月起将联合严查违规销售电动车,2018-06-26 19:21:45,http://www.chinanews.com/cj/2018/06-26/8547589.shtml,自今年7月1日始，北京工商部门将联合质监、消防、公安、住建等部门，依法对违规销售电动车行为进行严查。（中国新闻网）,中国新闻网,未透露
SAE更新自动驾驶技术分级标准,2018-06-26 18:00:50,http://tech.qq.com/a/20180626/031698.htm,由SAE International国际自动机工程师学会制定的最新修订版 SAE J3016(TM)《标准道路机动车驾驶自动化系统分类与定义》标准于近日发布，该文件涉及驾驶中的三个主要参与者：（人）用户，驾驶自动化系统以及其他车辆系统和组件。SAE是当今汽车以及航空行业的顶级标准制定组织，对参照标准进行了多次更新。（腾讯）,腾讯,未透露
浙江网信办通报“二更食堂”处理结果：已解散13人运营团队,2018-06-26 15:24:45,https://mp.weixin.qq.com/s/mvk9qHhoXhbJMsnv1zk1Mg,36氪讯，网信浙江今日通报5起自媒体传播有害信息典型案例，其中包括杭州“二更食堂”微信公众号低俗炒作空姐顺风车遇害案。通报称：二更已永久关停“二更食堂”公众号，承诺永不启用注册品牌保护性账号“食堂君”，免去事件直接责任人李某在公司的一切职务，解除其劳动合同，解散“二更食堂”公众号13人运营团队。,36Kr,未透露
工信部：突破人工智能核心技术，加快关键共性技术研发,2018-06-26 13:34:50,https://www.thepaper.cn/newsDetail_forward_2219268,工业和信息化部总经济师王新哲透露，工信部将继续推动人工智能产业发展迈上新台阶。其中包括突破核心技术，增强发展动力。推动产、学、研、用之间融合互动，引导人工智能产业技术创新体系建设，夯实智能传感器、人工智能芯片和基础软件等产业核心基础，加快关键共性技术研发，促进人工智能技术与各行业融合发展。（澎湃）,澎湃,未透露
重庆将重点围绕12大产业打造智能产业集群,2018-06-26 12:16:59,http://kuaixun.stcn.com/2018/0626/14343880.shtml,重庆市政府市长唐良智26日在国新办举行的发布会上表示，加快推动“重庆制造”向“重庆创造”“重庆智造”转变，着力培育智能产业，重点围绕大数据、人工智能、集成电路、智能超算、软件服务、物联网、汽车电子、智能机器人、智能硬件、智能网联汽车、智能制造装备、数字内容等12大产业，打造智能产业集群。（证券时报）,证券时报,未透露
工信部：努力推动人工智能产业发展迈上新台阶,2018-06-26 10:37:16,http://www.egsea.com/index.php?app=Company&mod=Info&act=news&id=257125,工信部总经济师王新哲指出，工信部将努力推动人工智能产业发展迈上新台阶。第一，突破核心技术，增强发展动力；第二，深化融合应用，升级智能制造；第三，加强部省协同，打造产业集群；第四，完善政策体系，营造良好环境。提出将夯实智能传感器、人工智能芯片和基础软件等产业核心基础，加快关键共性技术研发，促进人工智能技术与各行业融合发展。（证券时报）,证券时报,未透露
英国法院将对Uber能否继续在伦敦运营做出判决,2018-06-26 10:24:31,http://www.techweb.com.cn/world/2018-06-26/2679126.shtml,据外媒报道，伦敦一家法院最早周二（当地时间）裁定，Uber伦敦分部在当地的运营是否“合适且恰当”。伦敦最高交通监管部门于去年拒绝授予Uber新的汽车服务许可证，称该公司缺乏企业责任感。Uber则表示对过去犯下的错误表示道歉，并称正在解决监管部门的担忧。（TechWeb）,TechWeb,未透露
工业和信息化部：打造基于工业互联网平台的制造业新生态,2018-06-26 10:16:16,"http://news.cnstock.com/news,bwkx-201806-4238436.htm",下一步，信息化和软件服务业司将以工业互联网平台建设为突破口，加快新技术、新产品、新业态、新模式培育与推广，打造基于工业互联网平台的制造业新生态。（上海证券报）,上海证券报,未透露
欧盟与亚马逊、阿里等签订协议：打击网售危险品,2018-06-26 09:36:45,https://tech.sina.com.cn/i/2018-06-26/doc-ihencxtu2028146.shtml,欧盟委员会与阿里速卖通、亚马逊、eBay和乐天法国签订协议，希望以此打击欧盟购物网站上销售的危险品。按照欧盟委员会的定义，危险内容包括煽动性和仇恨性内容，以及暴力和儿童色情内容，此外还包括不安全产品和侵权产品。这四家电商都同意在收到政府通知后两天内下架危险品，并在收到消费者通知后5天内作出回应。（新浪）,新浪,未透露
影响司法调查：多地监管机构要求豁免欧盟数据新规,2018-06-26 08:18:26,https://tech.sina.com.cn/i/2018-06-26/doc-ihencxtu1545921.shtml,监管部门官员对路透社表示，北美、英国和亚洲的金融监管机构正紧急寻求关于欧盟最新数据保护规定的豁免，以免这项规定不利于跨境的案件调查。这些官员警告，如果欧盟未能明确将市场监管部门排除在欧盟“通用数据保护条例”（GDPR）之外，那么可能会不利于涉及操纵市场和反欺诈的国际调查和司法行动。（新浪）,新浪,未透露
工信部：加快推进新能源汽车动力蓄电池回收利用,2018-06-25 20:26:24,http://www.jiemian.com/article/2258874.html,工信部节能与综合利用司司长高云虎指出，加快推进新能源汽车动力蓄电池回收利用，要统筹谋划。一是加强区域协作，将动力蓄电池回收利用工作打造成为长江经济带绿色发展工作的亮点。二是加快构建回收体系，通过多种形式构建跨行业联合共同体。三是加强产业布局。四是加强政策引导，鼓励企业持续加强技术研发与创新，做好技术储备。（界面）,界面,未透露
工信部：推动互联网、大数据、人工智能和实体经济深度融合,2018-06-25 19:51:34,http://kuaixun.stcn.com/2018/0625/14342021.shtml,工信部信称，推动互联网、大数据、人工智能和实体经济深度融合，培育壮大经济发展新动能。下一步将持续推进“宽带中国”建设，做好网络提速降费工作，加快推进5G研发和产业化。以IPv6规模部署为契机，加快下一代网络建设，推进工业领域IPv6的应用。（证券时报）,证券时报,未透露
网传棚改一刀切叫停？ 接近国开行人士称未听说,2018-06-25 19:05:08,http://finance.sina.com.cn/money/bond/market/2018-06-25/doc-ihencxtt8937699.shtml,著名财经大V曹山石称，各地PSL（抵押补充贷款）审批暂停，回收国开行总行，等待新政策。微博网友称，这意味着棚改的全面叫停。记者向接近国开行人士求证，对方表示并未听说暂停这种事情。（新浪财经）,新浪财经,未透露
央媒：警惕传销区块链等高科技变种坑害投资者,2018-06-25 18:49:40,http://www.xinhuanet.com/fortune/2018-06/25/c_1123029182.htm,"区块链是目前全球关注的具有颠覆性意义的科技创新领域。不过，在应用初期，不少传销行为打着区块链旗号招摇撞骗，侵害了投资者权益，扰乱了市场秩序。一些不法分子也借机炒作，或“空手套白狼”,炒高币值“割韭菜”，或以“虚拟币”之名行“传销币”之实。（经济参考报）",经济参考报,未透露
中国央行：增加支小支农再贷款和再贴现额度共1500亿元,2018-06-25 16:10:25,http://www.pbc.gov.cn/goutongjiaoliu/113456/113469/3564925/index.html,36氪讯，中国人民银行印发《关于进一步深化小微企业金融服务的意见》，增加支小支农再贷款和再贴现额度共1500亿元。,36Kr,未透露
阿布扎比推出面向中东的加密资产框架,2018-06-25 15:35:41,,阿联酋阿布扎比全球市场ADGM推出面向中东市场的加密资产框架。（彭博）,彭博,未透露
取消漫游后继续降资费，运营商将调流量价格,2018-06-25 15:04:30,http://mi.techweb.com.cn/tmt/2018-06-25/2678608.shtml,据业内人士的说法，接下来三大运营商将开始调整不限量套餐和价格，预计最入门的无限量流量套餐的价格将会只有50元人民币，比之前大幅度降低。此举只要是相应工信部此前的要求，要求移动网络流量资费年内最少降低30%左右。（TechWeb）,TechWeb,未透露
最高检：严查互联网金融等重点领域金融犯罪案件,2018-06-25 13:24:26,"http://news.cnstock.com/news,bwkx-201806-4238019.htm",最高人民检察院检察委员会委员、法律政策研究室主任万春今日称，要加大金融案件办案力度，严肃查办互联网金融、证券期货、银行保险等重点领域、重点环节的金融犯罪案件，加强对新型疑难案件、跨区域涉众型案件的研究和指导，及时制定司法解释和规范性文件。（中证网）,中证网,未透露
交通运输部：2020年全国高速铁路里程达到3万公里以上,2018-06-25 11:44:14,https://www.thepaper.cn/newsDetail_forward_2216641,交通运输部透露，日前交通运输部制定了《交通运输服务决胜全面建成小康社会开启全面建设社会主义现代化国家新征程三年行动计划》。计划明确，到2020年高速铁路里程达到3万公里，覆盖80%以上的城区常住人口100万以上的城市。（澎湃新闻）,澎湃新闻,未透露
受日本民宿新法影响，Airbnb房源持续下架,2018-06-25 07:24:06,http://www.bbtnews.com.cn/2018/0625/248683.shtml,日本《住宅宿泊事业法》对共享住宿的影响还在持续发酵，作为全球最大的共享民宿短租平台Airbnb受到了很大冲击。目前日本民宿已经实施超过一周时间，尽管Airbnb已下架了未完成经营许可注册的数千套民宿房源，但日本观光厅仍严令Airbnb进行整改。（北京商报）,北京商报,未透露
华兴资本已于昨日向港交所交表，正式启动上市流程,2018-06-23 09:04:07,https://mp.weixin.qq.com/s?__biz=MzU2NDQ3NjExNg==&mid=2247485221&idx=2&sn=f84049ad48ef6a526d9de449c3b23370&chksm=fc4b269ecb3caf88395d95d41e84c2f7d5d1d372e3aaa48357c4d3b610cc00184b99b2e98e17&scene=0&key=c959302867dfd466564f064c0af28edef951dd978cdea276fff9a,昨日（6月22日），华兴资本正式向港交所提交上市A1申请，启动港股上市流程。华兴资本IPO的主承销商为高盛、摩根士丹利、工银国际和华兴资本。港交所将于下周一正式公布A1申请。（IPO早知道）,IPO早知道,未透露
海南在快递行业全面推广绿色包装,2018-06-22 17:02:34,http://www.xinhuanet.com/2018-06/22/c_129899009.htm,根据海南省加快推进快递业绿色包装应用细化方案：2018年将在省内同城快递业务推广使用可降解、可重复利用的环保包装材料；2019年制订快递业绿色包装海南省标准；2020年基本实现省内同城快递业务绿色包装应用全覆盖；2022年基本建成快递包装物回收体系；2023年基本建立海南省快递业包装治理体系。（新华社）,新华社,未透露
国家药监局加速批准境外新药上市：可缩短1-2年,2018-06-22 16:59:22,http://m.news.cctv.com/2018/06/22/ARTIUz9sfOq9HRNg6EaXIU0z180622.shtml,国家药监局局长焦红介绍加快境外上市新药审评审批有关工作情况：简化境外上市新药审批程序，对于境外已上市的防治严重危及生命且无有效治疗手段疾病以及罕见病的药品，同时经研究确认不存在人种差异的，申请人无需申报临床试验，可直接以境外试验数据申报上市，药品上市时间将加快1-2年。（央视新闻）,央视新闻,未透露
广州充电基础设施补贴标准出炉，建桩用电均有补贴,2018-06-22 16:37:19,http://www.gzhea.org.cn/Article/20180622/6010.html,36氪讯，​广州市工业和信息化委员会发布《广州市电动汽车充电基础设施补贴资金管理办法》，办法规定了对充电设施建设项目和专用、公用充电设施给予年度运营电量的补贴标准。充电设施建设项目的补贴对象为直流充电桩、交直流一体化充电桩、交流充电桩、无线充电设施、换电设施等。,36Kr,未透露
FDA首次批准植入式血糖监测设备上市,2018-06-22 12:33:48,,6月21日，美国食品和药物管理局（FDA）首次批准“传感器可完全植入”的葡萄糖监测设备在美国上市，该设备可对成人糖尿病患者进行长达90天的持续血糖监测。设备使用可完全皮下植入的小型传感器，植入步骤在医院门诊即可操作，使用时每5分钟将血糖数据传输到手机里的专用软件上。（新华社）,新华社,未透露
三大运营商均宣布取消流量“漫游”费,2018-06-22 11:44:06,,中国电信宣布，自2018年7月1日开始，取消流量“漫游”费，手机用户省内流量升级为国内流量（不含港澳台流量）。至此，三大运营商均确认7月1日起取消流量“漫游”费。（财联社）,财联社,未透露
财政部金融司司长：放任区块链和ICO会干扰央行调控职能,2018-06-22 10:19:15,,财政部金融司司长王毅在《中国金融》杂志发表文章《当前中国金融体系发展思考》，文中表示，如果放任区块链技术和首次代币发行（ICO）野蛮生长，不仅会冲击货币发行秩序，也会干扰央行的调控职能。（华尔街见闻）,华尔街见闻,未透露
美、英、澳等国组成国际税务执法小组 打击虚拟货币避税,2018-06-22 09:43:05,,美国财政部官员正与英国、澳大利亚、加拿大和荷兰的同行组成一个国际税务执法小组，专注于打击使用网络或虚拟货币进行避税的犯罪行为。美国国税局刑事调查处处长Don Fort 表示，该小组将探讨如何改善作战层面的协作与逃税案件的起诉。（彭博）,彭博,未透露
海南：加快推动科技成果产业化和资本化发展,2018-06-22 09:03:51,,海南省将吸引社会加大对海南省科技成果转化的投入。海南省科技成果转化投资基金将募集2亿元至2.5亿元，省级财政预算安排4000万元；海南省科技成果转化投资基金管理公司将依法向社会募集1.6亿元至2.1亿元，其中包含基金管理公司按照不低于基金规模1%的比例配置注入的部分。 （海南日报）,36Kr,未透露
瑞士央行董事：瑞士央行不考虑发行数字法郎,2018-06-22 08:50:53,,瑞士央行董事Thomas Moser：加密货币和区块链技术太过原始，瑞士央行不考虑发行数字法郎。（swissinfo.ch）,swissinfo.ch,未透露
韩国财政部否认对加密货币征收资本利得税,2018-06-22 08:42:59,,韩国财政部否认对加密货币征收资本利得税的消息。  （彭博）,36Kr,未透露
人民日报评论：为足彩拧紧安全阀门,2018-06-22 08:08:07,http://paper.people.com.cn/rmrb/html/2018-06/22/nw.D110000renmrb_20180622_3-05.htm,对于足彩而言，考虑到互联网销售的涉及面之广、管理难度之大，光靠无形之手很难做到风险尽除，还必须借助有形之手的把关调控。毕竟，一旦有某一家网站“跑路”，损害的将不仅仅是一部分彩民的利益，也会影响彩票事业整体的健康发展。最好的安全措施，就是强化监管、落实责任。,36Kr,未透露
美国电商开始全面征税，线上线下公平竞争,2018-06-22 07:24:55,https://tech.sina.com.cn/i/2018-06-22/doc-ihefphqm3335455.shtml,美国最高法院周四以5比4的票数判决，各州有权对互联网电商公司的跨州销售征税。这意味着美国消费税体系正式全线覆盖网络电商。美国网络电商的税收红利期正式结束，他们将步入与普通零售商平等竞争的时代。（新浪）,新浪,未透露
网贷备案延期为全国口径 不是地方决策,2018-06-22 07:19:23,http://wap.stcn.com/dzb/2018-06-22/1167885.htm,虽然网贷备案延期目前尚未出台明确的书面通知，但多位接近监管人士表示，备案延期是全国性的，并不属于地方的决策。（证券时报）,证券时报,未透露
上海自贸区：支持境外创新企业在沪发行CDR,2018-06-21 17:50:53,https://www.thepaper.cn/newsDetail_forward_2209707,上海自贸区出扩大金融开放25条举措：支持境外投资者参与上海证券市场，支持境外创新企业在沪发行中国存托凭证（CDR），争取年内开通“沪伦通”；持续深化原油期货、“沪港通”、“债券通”、黄金国际板的金融创新；支持上海保交所搭建国际再保险交易平台，探索建立保险业“一带一路”国际再保险共同体，进一步提升上海自贸试验区的全球金融资源配置能力。（澎湃）,澎湃,未透露
深圳网信办整顿互联网金融违规交易，关闭199个非法微信公众号,2018-06-21 17:24:35,https://mp.weixin.qq.com/s/D_i-utYZ_z_q_e2whY4tMQ,36氪讯，近日，深圳市网信办在省网信办的指导下，持续重拳出击，依法查处网上违法违规行为，会同市金融办对腾讯公司微信产品中存在的“微盘”等互联网金融违规交易行为进行专项清理整顿。深圳市网信办称，根据网民举报线索和有关部门调查核实的信息，指导腾讯公司依法关闭非法微信公众账号199个。,36Kr,未透露
上交所魏刚：市场对目前创新企业试点上市的政策存在误读,2018-06-21 16:09:17,https://finance.qq.com/a/20180621/034375.htm,正和岛2018创变者年会现场，上海证券交易所发行中心总经理魏刚表示，市场对目前的政策存在误读，交易机构将大力支持科技创新企业的上市，并为其量身打造一些制度。魏刚表示，资本市场下一步在支持没有前途发展的企业上一定会紧，但是在支持科技型企业上市方面一定会松。（腾讯）,腾讯,未透露
深圳年内将建具有无人驾驶资质测试场,2018-06-21 15:56:54,http://auto.qq.com/a/20180621/010150.htm,“2018GIV全球智能汽车前沿峰会”在深圳五洲宾馆举行。会上透露，深圳市政府计划在年内建设深圳首个具有无人驾驶资质的测试场。（深圳晚报）,深圳晚报,未透露
肖亚庆会见诺基亚集团CEO苏立，双方就5G发展前景等进行交流,2018-06-21 15:45:40,http://www.sasac.gov.cn/n2588025/n2643314/c9151300/content.html,36氪讯，国务院国资委主任肖亚庆今日会见诺基亚集团总裁兼首席执行官苏立一行。双方就进一步加强和深化国资委、中央企业与诺基亚的合作、现代通信业发展、5G的发展前景等进行了广泛深入交流。,36Kr,未透露
锂电池被中国赶超，日本要举国研发新一代产品,2018-06-21 15:33:19,http://tech.huanqiu.com/science/2018-06/12311462.html,《日本经济新闻》报道称，日本新能源产业技术综合开发机构近日宣布，将与丰田汽车和松下等企业启动新一代高效电池“全固体电池”核心技术的开发。力争2022年度之前确立技术。在纯电动汽车使用的锂电池领域，日本企业被中国企业赶超。将举全日本之力推进研发，力争实现电池产业的复权。（环球网）,环球网,未透露
国家卫健委新政策：电子健康档案向个人开放,2018-06-21 15:26:23,http://www.nhfpc.gov.cn/jws/s3577/201806/acf4058c09d046b09addad8abd395e20.shtml,36氪讯，国家卫生健康委员会、财政部、国家中医药管理局公开发布了《关于做好2018年国家基本公共卫生服务项目工作的通知》，《通知》表示，在保障个人信息安全的情况下，推进电子健康档案向个人开放，方便群众查询自身健康信息，调动群众参与自我健康管理的积极性，提高群众获得感。,36Kr,未透露
日本将解禁自助式加氢站，推动燃料电池车普及,2018-06-21 14:51:05,http://tech.huanqiu.com/observe/2018-06/12311565.html,据《日本经济新闻》报道，为普及燃料电池车(FCV)，日本经济产业省将放宽对供应燃料的加氢站的限制。日本将解禁由司机自主加氢的自助式加氢站，只要满足一定条件，只靠一名监督员就可以运营，促进加氢站的建设。未来还将探讨实现无人化。（环球网）,环球网,未透露
工信部：加快推进5G技术产业发展 适时发布频谱规划和商用牌照,2018-06-21 14:24:37,http://kuaixun.stcn.com/2018/0621/14333732.shtml,工信部副部长陈肇雄指出，要促进5G技术成熟，打造完整产业链，为全面商用奠定产业基础；要出台5G商用政策，适时发布频谱规划和商用牌照，满足5G网络建设与应用拓展需求；要加快5G应用拓展，支撑服务经济实现数字化、网络化、智能化高质量发展。（证券时报）,证券时报,未透露
韩国科技部：到2022年培养1万名区块链专业从业者,2018-06-21 13:33:19,,韩国科技部21日发布了旨在确保全球技术竞争力的“技术桥梁发展战略”，将提升国内市场6六个试点项目的竞争力，其中包括个人通关、简化房地产交易、在线投票、海运物流等。韩国科技部还计划，到2022年培养1万名专业工作者。（韩联社）,韩联社,未透露
工信部：继续加大支持力度 促进区块链健康发展,2018-06-21 11:02:42,,36氪讯，近日，区块链技术和应用峰会暨第二届中国区块链开发大赛成果发布会在杭州召开，工业和信息化部信息化和软件服务业司参加会议。下一步，工信部信息化和软件服务业司将继续加大支持力度，积极采取有效措施，营造良好发展环境，促进区块链健康发展。,36Kr,未透露
欧盟发布第五次反洗钱指令，政府部门将被允许监控数字货币动向,2018-06-21 11:02:24,,欧盟周二发布了其第五次反洗钱指令。该指令承认，将服务提供商纳入其中不会完全消除数字货币的所有匿名性。然而，为了应对匿名相关风险，金融情报部门（FIUs）将被允许获取信息，使他们能够将数字货币地址与数字货币的所有者的身份联系起来。（Finance Magnates）,Finance Magnates,未透露
全国共15个省市新能源汽车补贴/奖励政策,2018-06-21 10:28:00,http://www.autoinfo.org.cn/autoinfo_cn/content/news/20180621/1752694.html,据不完全统计，截止2018年6月20日，全国共有上海、深圳、重庆、广东、广州、西安、武汉、江西、河南、安阳、海南、云南、青海、莆田、黑龙江等15省市出台新能源汽车补贴/奖励政策。其中，广东、广州、河南、海南、云南、青海新能源汽车均按中央标准1:0.5补助。（中国汽车工业信息网）,中国汽车工业信息网,未透露
上半年全球IPO数量同比下滑19%,2018-06-21 09:01:01,"http://news.cnstock.com/news,bwkx-201806-4236638.htm",到目前为止，2018年上半年IPO总交易数量达到676笔，比去年同期下降了19%。IPO交易融资额也下滑15%至900亿美元。（中国证券报）,中国证券报,IPO
海南股交中心“天使板”正式设立,2018-06-21 08:55:22,,6月20日，海南省首个专注于互联网初创企业天使投资的服务板块——海南股权交易中心“天使板”正式设立。几种企业都在服务行列：在海南省注册且成立时间不超过5年，年销售额或营业额不超过2000万元人民币，具有技术含量高、创新能力强、商业模式新的初创期互联网企业；通过由省工信厅组织的互联网创业项目路演，申请100万元及以下天使投资的企业。（海南日报）,海南日报,未透露
深圳港将试点自由贸易港,2018-06-21 08:29:07,,深圳港将试点自由贸易港，还将探索建设深港组合港。计划到2020年底初步建立自由贸易港。（深圳特区报）,深圳特区报,未透露
广东东莞出台政策支持人工智能产业发展,2018-06-20 21:41:11,http://news.sun0769.com/dg/headnews/201806/t20180620_7856414.shtml,广东东莞市20日出台政策措施，大力支持该市市人工智能产业发展。东莞将重点支持的领域包括但不限于智能传感器、智能芯片、计算机视觉、智能语音处理、生物特征识别、自然语言处理、智能决策控制、新型人机交互等核心基础和关键技术领域，支撑深度学习的大规模计算平台及海量数据库等人工智能基础资源，以及人工智能技术在各行业领域和硬件终端的产业化应用。,36Kr,未透露
国家药监局：简化程序，加快境外新药国内上市,2018-06-20 17:24:55,http://m.news.cctv.com/2018/06/20/ARTIT5vC721dzmx5GZhXt7SI180620.shtml,为满足临床急需，让患者早日用上“救命药”，尽快让一批防治严重危及生命疾病的境外新药在国内上市，国家药品监管局进一步简化境外上市新药审批程序、优化药品临床试验审批程序、取消进口药品逐批强制检验等政策，加快境外药品审评审批。（央视新闻）,央视新闻,未透露
文化和旅游部对2600余家票务网店进行专项清理,2018-06-20 15:37:37,http://www.xinhuanet.com/politics/2018-06/20/c_129897414.htm,为加强营业性演出市场监管，文化和旅游部近期严查严管演出内容和演出票务经营行为，查处了一批营业性演出市场重大案件。针对公众越来越普及的网络购票行为，文化和旅游部部署开展违规票务网店专项整治，对2600余家网店进行专项清理，部署北京、上海等19个地区查处143家违规从事票务经营活动的网店。（新华社）,新华社,未透露
世界杯期间海南严打新型网络赌博 销毁128台赌博机,2018-06-20 13:53:56,http://m.xinhuanet.com/hq/2018-06/19/c_1123001613.htm,从海南省公安厅获悉，海南省决定从6月13日起至8月底，在全省开展打击整治网络赌博违法犯罪专项行动，尤其是在世界杯足球赛期间严打各类新型网络赌博。6月15日，省公安厅在海口销毁128台赌博游戏机。（海南日报）,海南日报,未透露
国家能源局：各地、各电网企业应依法依规继续做好光伏发电项目并网,2018-06-20 13:34:00,http://zfxxgk.nea.gov.cn/auto87/201806/t20180620_3198.htm,36氪讯，国家能源局发布关于做好光伏发电相关工作的紧急通知。各地、各电网企业应依法依规继续做好光伏发电项目并网、（代）备案和地方补贴垫付等工作，不得以项目未纳入国家补贴建设规模范围为由擅自停止。,36Kr,未透露
国家体育总局印发智慧社区健身中心建设试点工作方案,2018-06-20 12:58:28,,国家体育总局日前印发《智慧社区健身中心建设试点工作方案》，根据社区人口结构，合理规划配置可服务于社区各类人群的智能化、个性化、互联互通的体育器材和设施设备。探索社区健身中心建设运营新路径，通过引入市场机制、支持专业公司参与智慧社区健身中心建设和运营。（财联社）,财联社,未透露
“独角兽”基金今日募集结束,2018-06-20 09:23:14,https://mp.weixin.qq.com/s?__biz=MjM5MzMwNjM0MA==&mid=2650734689&idx=2&sn=ad98a4fa57155a4d49708fa06338d9d3&chksm=be92a3ea89e52afc562e9cd10d62aaf3779cd6ce07269ba803e1dad440218267bf3eb58fac09&scene=0,在一天的机构认购后，战略配售基金的募集正式结束。六家公司计划于6月21日发布成立公告，届时会公开基金的最终认购规模以及个人和机构投资者的认购规模和比例。(中国证券报）,36Kr,未透露
工信部：到2020年完成5G支持车联网产业系列标准的制定,2018-06-19 21:01:59,http://www.miit.gov.cn/n1146290/n1146402/n1146440/c6225239/content.html,36氪讯，近日，工信部与国家标准委联合印发三项《国家车联网产业标准体系设指南》相关文件。《指南》提出，针对车联网产业“十三五”发展需要，加快共性基础标准制定，加紧研制自动驾驶及辅助驾驶相关标准、车载电子产品关键技术标准、无线通信关键技术标准、面向车联网产业应用的5G eV2X 关键技术标准制定，满足产业发展需求。到 2020年，基本建成国家车联网产业标准体系。,36Kr,未透露
山西取消30家小额贷款公司经营资格,2018-06-19 18:19:50,http://www.xinhuanet.com/2018-06/19/c_1123005647.htm,山西省金融办近日取消了30家小额贷款公司试点经营资格，要求不合格主体退出市场。山西是全国首批小额贷款公司试点省份，截至2018年5月末，山西共有552家小额贷款公司，注册资本金373亿元，贷款余额289亿元。（新华社）,新华社,未透露
证监会相关人士：“叫停IPO”为假消息，应严肃处理,2018-06-19 17:18:53,https://www.yicai.com/brief/10112566.html,证监会相关人士表示，“证监会召开临时会议叫停IPO”为假消息，（该行为）严重干扰市场正常传播秩序，编造虚假消息，应严肃处理。（一财）,一财,IPO
新浪财经：网传IPO暂缓是虚假消息，证监会网站没有此公告,2018-06-19 17:05:12,http://finance.sina.com.cn/stock/jhzx/2018-06-19/doc-iheauxvz6827565.shtml,今日下午朋友圈、微博疯传中国证监会召开临时会议，决定从2018年6月20日起暂停IPO，然而查阅证监会官网发现，并未有此消息。对此，市场投行人士表示，没有接到类似的通知，并且不认为会有类似通知；建议投资者不要以讹传讹。,36Kr,IPO
广东警方摧毁全国首例“呼死你”黑灰产业犯罪团伙，封停83万余个账号,2018-06-19 17:00:35,https://mp.weixin.qq.com/s/zi7pjVb0nKJIk2-iP1gnmA,36氪讯，广东省公安厅组织广州、深圳等15个地市公安机关成功打掉“疯狂云呼”和“呕死他”等两个“呼死你”犯罪团伙，以及线下利用“呼死你”平台进行非法追债的某利资产管理有限公司等3个犯罪团伙，封停“呼死你”账号83万余个，扣押服务器、电脑、银行卡等涉案物品一批，为全国首例“呼死你”黑灰产业链专案被全链条摧毁。,36Kr,未透露
工信部：加快建立车联网产业体系，促进自动驾驶发展,2018-06-19 16:55:53,http://www.miit.gov.cn/n1146290/n1146402/n1146440/c6225239/content.html,36氪讯，日前，工业和信息化部与国家标准委联合印发《国家车联网产业标准体系建设指南（总体要求）》《国家车联网产业标准体系建设指南（信息通信）》和《国家车联网产业标准体系建设指南（电子产品和服务）》，全面推动车联网产业技术研发和标准制定，大力建设融合创新生态体系，促进自动驾驶等新技术新业务加快发展。,36Kr,未透露
国家广播电视总局：停止播出“O泡果奶”等违规广告,2018-06-19 16:42:44,https://mp.weixin.qq.com/s/O5gmlqF7yuQEEjNGkGnUrA,36氪讯，国家广播电视总局发文称：一些电视台播出的“O泡果奶”“莎娃鸡尾酒”“邦瑞特植物防脱育发露”等广告，存在导向偏差和夸大夸张宣传、误导受众等严重违规行为，违反了《广告法》《广播电视管理条例》等规定。总局决定，自即日起，各级广播电视播出机构立即停止播出上述广告。,36Kr,未透露
沈阳：新能源和清洁能源公交车占比将达到75%,2018-06-19 16:38:29,http://www.xinhuanet.com/2018-06/19/c_1123004992.htm,从沈阳市公共交通指挥调度中心了解到，沈阳市将新增、更新300辆新能源和清洁能源公交车，其中173辆已经上线运营。新车上线后将更新100余辆老旧柴油公交车，全市新能源和清洁能源公交车占比将达到75%。（新华社）,新华社,未透露
韩国央行：发行央行加密货币存有“道德风险”,2018-06-19 13:19:44,,韩国央行表示发行央行数字货币（CBDC）可能会对货币政策及其实施产生负面影响，导致市场不稳定，称“加密货币无法发挥法定货币的功能”。报告中警示，不受限制地发行传统货币或加密货币很有可能会“损害社会成本及社会福利”。（Korea Times）,Korea Times,未透露
电子商务法草案三审：微商纳入经营者范围,2018-06-19 12:10:03,https://www.thepaper.cn/newsDetail_forward_2203481,我国第一部电商领域综合性法律《电子商务法（草案）》第三次提请人大常委会审议，有建议指出，在电子商务经营者的范围中，要将通过微信、网络直播等方式销售商品或者提供服务的经菅者涵盖在内。（澎湃）,澎湃,未透露
今年河北省将支持3000家工业企业“上云”,2018-06-19 11:54:28,,河北省将重点建设一批工业行业互联网平台，开展基于行业大数据的精准营销、供应链协同等服务。今年，河北省将支持3000家工业企业“上云”，支持5到10个行业级、区域级的工业互联网平台建设。（河北日报）,河北日报,未透露
接近证监会人士：小米暂时推迟发行不会影响CDR基金,2018-06-19 11:44:50,,接近证监会人士称表示，没有小米也会有其他的创新企业IPO，创新企业发行在会里将会常态化，还有其他的创新企业可供投资者选择。此外，这次小米推迟CDR也是好事。小米估值预期比较高，而当小米在香港上市后，价格一定会有合理区间，可以等到这个合理区间后再发CDR。（华尔街见闻）,华尔街见闻,未透露
海南拟尽快研究制定出台《海南省赛马运动发展规划》,2018-06-19 11:18:17,http://hnrb.hinews.cn/html/2018-06/19/content_1_5.htm,海南省文化广电出版体育厅主要负责人称，目前海南省文化广电出版体育厅正在和相关学术研究机构及专业机构进行商谈，拟尽快研究制定出台《海南省赛马运动发展规划》。规划确定后，海南省文化广电出版体育厅将根据规划要求，建设赛马场、训练场，成立马术俱乐部，有序组织各类体育赛马赛事。（海南日报）,海南日报,未透露
